MÃ£,ROA (%),ROE (%),ROS (%)
A32,8.623268316390535,17.384013981852647,5.779319593226946
AAA,3.3044592947797637,7.037163333389722,3.811949078475542
AAH,,,
AAM,-5.676590321314628,-6.165525733416956,-9.899652664862165
AAS,0.5101710405388793,0.958942782818074,0.6601727691223905
AAT,2.4209938680942353,3.3036854703553713,4.889766639257712
AAV,2.3941768320311443,3.711783718060308,4.443684646895513
ABA,,,
ABB,0.9604588779354859,12.541950719245762,
ABC,-20.150899071067286,-48.91220794135215,-5.265120606688152
ABI,9.807190637971221,28.04340534517218,17.21974815367282
ABR,8.75526917782429,10.458717752545823,25.1669800674796
ABS,4.094508205855908,11.00647355604563,4.339787545814593
ABT,2.6280497111273555,3.4790920663456375,4.491543989440946
ABW,3.9825415371729247,6.7679269263325,21.73696384882373
ACB,1.7283020724283726,21.673402370667276,
ACC,7.122707191219861,12.833473475249665,13.412243957459339
ACE,9.511096866560962,26.3141725106811,6.471333245169526
ACG,11.047943894383366,13.989795074077138,13.106811437186098
ACL,1.6982639436802411,4.058320123266253,2.961196625049798
ACM,-10.300501712173627,-14.725373536800715,-inf
ACS,2.486979659075197,17.693132766504693,1.1509454609188567
ACV,2.8848513908153977,4.369857528764033,21.133607889021693
ADC,9.005668659582222,19.457921885339776,3.248087551878748
ADG,8.880189594795754,16.45285539840487,8.744929285400364
ADP,23.774656465366554,29.207735326517497,13.697958434222738
ADS,1.3299164650968236,5.790070711307593,1.8254089366317752
AFX,4.336235451813064,5.0015027192281005,2.5166162707699247
AG1,-9.652100625336303,-22.795385637346566,-6.4297329880834075
AGF,-41.562390879603264,365.01747582822094,-32.516437786930666
AGG,4.5599336504015024,19.16408450801487,25.361390083651784
AGM,3.262901129743176,5.639087211094891,1.2627707844765501
AGP,4.818061871529586,13.257338899083573,5.8326508226346006
AGR,4.23339836747231,4.616615058098252,43.05820602551427
AGX,10.695994012399568,14.046746511968944,9.998042518312271
AIC,0.35898017403325394,1.0131193746494265,0.8735367838325526
AIG,,,
ALT,1.3978932636779404,1.9130088332960724,2.1249057132921334
ALV,2.5078161420537954,4.304654569511207,2.682814629194745
AMC,7.95966609295187,15.226938152788247,4.962899726894226
AMD,0.8881955869874667,1.2250780000698438,2.1476219151369658
AME,1.0145189040202767,6.447878758404982,1.4907853931137733
AMP,0.6642049140086272,3.35928835535939,0.6371725844769881
AMS,1.962664614348308,10.297551832804563,1.5683511835410853
AMV,9.420498903673638,10.58499735560753,53.53181919054486
ANT,4.469581439821629,18.377951045595307,2.992176794942542
ANV,4.182187824296495,8.662061558807974,5.87932609240114
APC,4.50303484398784,7.120630073888668,32.1001452510683
APF,10.627591767728807,29.15185428273272,4.639714595641572
APG,6.082684392103034,6.318008080165032,68.40042696686146
APH,2.321022748011113,5.5130757160262815,2.8540684689362847
API,1.7497485677225284,9.574162729257786,10.493047956798952
APL,1.9343684307500102,14.729936963186772,0.6106892853901783
APP,0.016927009644298576,0.032419434238561286,0.008219848930464955
APS,13.7658909562613,14.139038018110334,35.74436830896509
APT,-123.3895220696905,24.268285489638934,-58.86771130838638
ARM,0.8958037599620013,4.764329637532375,0.9675475552946687
ART,0.1381107988572683,0.13957129185847533,1.0364288104108288
ASA,0.12125609565757892,0.12143623367281207,0.10709826297901945
ASG,2.9195964428018395,4.408556200776593,8.47090731190205
ASM,3.251181111719999,8.328699513134039,4.5698596084946885
ASP,1.7817135594771116,6.30653907343867,1.1750024531145093
AST,-8.247886385044696,-9.54109886546646,-14.340069733183908
ATA,-19.32743990795876,1.057928007931301,-564.356323
ATB,-5.350612871441702,-8.957628432308674,-18189.99642170921
ATG,-7.064030393850304,-10.601669030398885,-inf
ATP,,,
ATS,0.25429197104719364,0.32498452163384506,0.3680969086998117
AVC,12.42339546985965,14.015461038571097,35.42801209342175
AVF,,,
AVG,,,
B82,,,
BAB,0.5015761110734654,7.028017421243672,
BAF,0.8735848384170918,8.102499393046141,0.3567507669920917
BAL,-1.597299131453045,-1.8029714533598515,-1.0804889320879874
BAX,16.761017305797964,52.072992276866216,46.76854543866391
BBC,6.261179546200159,8.81760089129246,7.928759269797971
BBH,5.918033925746947,7.079915016548,3.839009351605318
BBM,7.235380480919732,10.655256383318665,4.988176688405299
BBS,1.7473354387389635,6.324242645739646,1.3746809995986782
BBT,16.190642902615934,20.656969649240825,17.681456302671076
BCA,0.2889211341841301,0.9145052463684485,0.10284506370948535
BCB,6.270243821144354,28.68896129152953,2.987844708999927
BCC,3.51126509602375,6.850628560674239,3.371602884156287
BCE,3.5258098990341136,9.248171164387083,7.823122268698568
BCF,23.612960669893752,33.846182279506685,15.715467489640345
BCG,1.1037871506417574,8.99060029533291,14.362646442279042
BCH,6.5622220440560834,10.310248764898368,12.315252821803158
BCM,4.508602297852181,12.71862912344519,33.606436213427514
BCO,,,
BCP,-16.629095109540692,-25.016949170924047,-21.31161962316067
BCR,,,
BCV,,,
BDB,7.664027133230919,10.059637226233022,2.2006027859663795
BDG,13.77246139325829,32.296018704810926,7.467204389709122
BDT,8.808923624754009,17.921199678360416,17.636402926585767
BDW,6.055500455613629,14.214800915230105,11.192397703305712
BED,14.351947957122304,17.85144503932679,9.807679091870963
BEL,6.982572522365542,8.051875264621595,26.293692552586233
BFC,5.428728952124133,13.7452605635618,3.062526084076657
BGE,,,
BGT,,,
BGW,4.207705858257041,5.061804351430424,6.336555457040281
BHA,3.2611726729572146,8.848600452298406,20.269799672316648
BHC,2.154315132987367,-1.392975406414348,8.091094929955593
BHG,0.4154765493057012,0.6783481885581849,0.8955565224811384
BHH,,,
BHI,0.4432109623959497,1.5272031062356,0.8910465604906366
BHK,7.225971220461084,11.139971111480351,4.4425045122577
BHN,8.596845901320489,11.51746773088043,8.863878908640329
BHP,1.2219388269091376,1.7172198039445612,1.2936867366209213
BIC,5.122132125969587,12.311825426898421,15.767049947866521
BID,0.4762730302558557,9.069519491927666,
BIG,4.825054930264229,6.630215862770676,3.571247577984904
BII,1.4576526927558942,2.617273822774311,21.328132180929614
BIO,4.900626367961237,5.482992741955418,14.160980823643401
BKC,-5.928525543852797,-17.460860935073324,-10.727064477266293
BKG,4.4710076302236885,5.33822295811792,5.578507177135005
BLF,0.7085183278305339,2.316153157926538,0.7069327650073612
BLI,2.9184694492483296,9.42834544842972,7.101855151209226
BLN,0.12780037488983312,0.5171957606125943,0.17780058576077143
BLT,8.412262921970934,9.793864227055229,1.413893260640122
BLW,6.775507758173369,7.245431456790737,14.767906485936372
BMC,6.515051113720309,7.365307015806182,6.597819216848774
BMD,7.6017026664652665,19.958871355956813,7.6168183531446845
BMF,9.539425630304638,13.075819311537199,1.6681313146765298
BMG,7.926315063000372,14.09138106669201,3.9668649790641193
BMI,2.979789140424081,8.478068420563881,5.148845626650346
BMJ,13.405785541494508,21.756010800881846,22.21853428115848
BMK,,,
BMN,5.06631870506564,14.666790366544205,4.19090226540177
BMP,17.288440670572257,21.144259009586538,11.152916901988236
BMS,5.4545287348003395,7.300677224385703,10.677573003497788
BMV,0.9525569063600297,1.244200067842066,0.4886287079982567
BNA,10.285311875744894,20.389707545069967,5.422834163355233
BNW,5.5184279189371646,8.327813230113117,18.693707421912418
BOT,-6.553091122057289,-24.14952418424902,-375.3088780127534
BPC,2.584654380373027,5.465972094989954,2.1343759300270633
BQB,-15.054954812977861,-16.84391358027811,-29.531759282767627
BRC,7.183126381696704,10.221993799071956,7.317804877660661
BRR,7.015011835452048,8.420956758155418,27.735282528496853
BRS,14.803008732697922,23.36098246165325,12.922316044745338
BSA,4.308453983279153,9.553511852785874,22.666845400201595
BSC,2.2078587714432096,2.364107781019331,7.104111595854072
BSD,6.194738687864043,20.02025645842248,4.865422305966409
BSG,-7.2360983734071915,-14.332872611064449,-12.432282023540694
BSH,5.433915962538308,8.558372031812352,4.212742833933146
BSI,4.360962276370841,8.546704672157654,13.958773883922108
BSL,5.004243239759446,6.964123272569768,4.8552491338614265
BSP,2.739586063526813,4.9537849400592675,3.2675440119224275
BSQ,9.14386013836981,15.884458703874929,9.869788891600505
BSR,-5.113392742783735,-9.20061137469189,-4.931282365344301
BST,8.350040167948611,10.828196301853717,2.4766347444927814
BT1,5.818653159499644,10.624835865523998,3.3380594041374603
BT6,,,
BTB,0.30368040408921154,0.7104865733509054,0.5828749546119035
BTD,6.984062603814987,19.910424375469926,4.586698412432204
BTG,0.6974156790621062,0.7196003093096073,0.47252307414468375
BTH,5.107049964487393,5.265896028899995,320.63007046640746
BTN,-6.690600643407279,-11.750710172215424,-41.11716466583263
BTP,4.733954754306504,6.616217002705442,10.788094144653792
BTS,0.5294338711604429,1.2361307063143432,0.5637295197014934
BTT,3.399607086310072,4.624251096335503,10.066489619776862
BTU,10.721567253009058,15.353473948886931,9.633300750203912
BTV,-10.651575092441663,-18.547410116214138,-10.349666741434572
BTW,12.597709328889673,17.08427428287935,7.910472772887764
BVB,0.26326004993554913,4.134740472137104,
BVG,-3.578047931477004,-8.33074618982551,-4.363099473684837
BVH,1.1268461252727509,7.923664926830214,4.77883459807638
BVL,1.7552211300820852,2.471955125395963,2.1124742148649878
BVN,-3.0003509080560598,-7.890188457948144,-16.031394603703692
BVS,3.8787117779576197,7.061240396285813,23.303915304832433
BWA,6.057625672358811,6.7161373003801454,9.083122800905603
BWE,6.493337069079037,15.704725331276576,17.698204503581582
BWS,21.923906796296983,24.144522253459602,34.375833517559926
BXH,2.773697984140643,6.8735795545175655,1.9583527437032602
C12,,,
C21,0.6663840633470604,0.8085596515882519,6.6927248101636065
C22,4.960221221665854,12.886483028429211,2.1524250534115064
C32,8.516623778208007,15.104009426603515,13.022502148467554
C47,1.131445666926363,6.033397953780142,1.4875582271020245
C4G,0.8697563838960571,5.553191205187397,3.0827803667293594
C69,2.801378577699215,4.082475041264059,3.9225764597739103
C92,0.4433957966321152,2.5847318213860477,0.8069622269622037
CAB,4.245863030729937,13.317798496096147,3.5534233770621273
CAD,-304.8941352614363,7.4777817961314925,-365.8272231362354
CAF,,,
CAG,2.9869412841337937,3.108877005207485,8.025846134355225
CAN,4.558636459380151,13.976708321402251,2.467022426083277
CAP,21.06259250625261,50.46326680535106,9.421328042633416
CAR,,,
CAT,14.459927683945509,34.590251666471325,6.244511092790756
CAV,7.016062088520456,22.375908816499464,3.71960680021852
CBI,3.8608280261671744,75.24625740324585,3.340115032149223
CBS,33.851821523195625,47.756980362490346,23.15990830244559
CBV,12.719629043432496,16.35024039171615,11.07114154935257
CC1,0.40169403311023655,2.148181924380803,0.5801069911141216
CC4,0.39085080128452543,1.0115481116221292,1.3125467501115138
CCA,0.7605250605942482,2.623223549244693,0.8667713250775356
CCC,,,
CCD,,,
CCI,4.350522224382742,10.944961186393726,10.381139963922962
CCL,6.179302787045905,12.317919269447854,7.925926147172792
CCM,13.118640132869878,20.90268731743015,6.651602571077378
CCP,0.05162480596810231,0.07198190308368992,0.021182204358467887
CCR,7.384587193677872,8.491969766030653,17.212928318507107
CCS,8.5387736473305,9.078308945533994,55.342641660943045
CCT,0.3726542587643685,0.516498383563903,1.2021414212108263
CCV,4.7459718833264315,28.153034588868863,7.5904207515198605
CDC,3.361413222319936,11.108658377023964,8.632392678880818
CDG,7.951506335402284,9.777904377088797,14.625906456009702
CDH,,,
CDN,12.172380852760055,14.894877373773358,23.15159516364541
CDO,-4.335209816550797,-4.81997429367546,-132.94994070338174
CDP,0.8343008629924783,8.825878144721443,0.6310774096911351
CDR,0.7190032769251464,2.26238403167224,0.3701159315009603
CE1,1.9018483290955832,3.9843777222397674,3.1085072373196523
CEG,1.5319330917643768,3.724771044314681,3.2817678193900504
CEN,0.41720217290595174,0.6190182292129395,0.34558885215128826
CEO,-1.3887800704788176,-2.9887410531737864,-7.803180245335661
CET,0.7137791700390494,0.9170985566218111,2.115715174066296
CFM,-1.5880301524287197,-1.683929508411201,-14.07365499457112
CFV,2.391448405762979,4.046106243892571,2.454026373239969
CGV,0.09630886113388135,0.11910194143169403,0.13966469920342445
CH5,3.3816175584280495,7.995336100119682,4.311911972631743
CHC,5.2982391969512905,19.585875351542093,2.9421926047719973
CHP,7.879722615600011,14.69864708767385,33.51760737008549
CHS,7.986091672533796,11.499259205970732,8.208073552920215
CI5,0.22477789006481252,0.7013301342720778,0.17360228935104755
CIA,-11.511054886044969,-14.802153128701617,-46.69355993214597
CID,6.767820292738694,7.864094900671336,16.29928778342446
CIG,-25.457573866158317,-112.44657811122123,-682.9126737318097
CII,1.5975330443980802,6.062768677257052,8.78331935659605
CIP,-3.910473719117876,-49.98443321254551,-12.461994360963807
CJC,1.84982650643792,6.148747363766137,1.073984668113477
CK8,1.3955694234565772,-6.545962302039032,11.641071666790834
CKA,12.837361327923496,20.743704025529656,14.128606816324954
CKD,11.482649884552282,22.314752760317543,10.282723147992705
CKG,2.479910129447211,18.163582095372124,10.426409420162404
CKV,0.2842414671844138,0.5366677528040124,0.1038533608031738
CLC,14.144882033281297,17.64861559378681,6.787609310662934
CLG,,,
CLH,14.972230811818335,24.2712822225807,6.430912345049528
CLL,13.96354758251565,15.227122171395791,25.511275012768746
CLM,3.8406050877583913,23.92329247525104,0.6180682863341685
CLW,5.6853806670148295,12.407761920119913,2.3760198073091328
CLX,7.118979331606852,12.068632752233428,30.049689425781885
CMC,0.2965392414317969,0.7107637459491384,0.5719700002215224
CMD,17.24655069988969,31.788092034870612,6.090660587506673
CMF,17.66226028014066,32.84372055567255,7.892192971619684
CMG,4.63721509107878,10.087183781597018,4.804346450752807
CMI,-6.725779239979164,9.318688691405857,-44.897984840612764
CMK,1.3606464079194094,10.458065217055712,1.0673666396347947
CMM,3.3167961697323833,6.951292269506595,3.9572284767397194
CMN,8.823468168122186,15.485117249773662,3.6203078437757967
CMP,1.9878943291766753,3.8026777807254843,9.995475166622072
CMS,-3.7229088100784393,-6.873258215327032,-5.021830890020145
CMT,5.920759550785943,14.567514495863202,3.5902761855227205
CMV,3.0499217876747955,9.33860818153138,0.43750840876458313
CMW,2.9530152898791395,5.9792049075495095,8.131921932257066
CMX,4.029344557852137,10.784536980187859,4.221904885080906
CNA,-0.8338963237769057,-2.5138219891470306,-1.9298981175861503
CNC,12.552672545632825,23.10876820442894,7.067756024491634
CNG,4.795351864342744,10.014137860752689,2.181772505970545
CNN,1.434923053926364,8.448153877229153,2.905276821079603
CNT,17.5454190748656,198.9142881522793,23.281077470692097
COM,7.427879363930644,8.367460295315812,1.2773991664043052
CPA,-15.69998354279783,-25.67271315229406,-29.601407091343418
CPC,8.084481848883744,12.671473811686676,5.384805132717923
CPH,8.059266065424387,18.212940456058455,8.324218528784659
CPI,1.3420555026630243,-2.221010479380897,1.3995141573925194
CQN,4.474185571733845,7.350209281660796,4.354963771673077
CQT,4.561308147785339,19.76840670212313,5.350139244435574
CRC,0.7831049722667214,2.740180037986646,0.8448945373782343
CRE,7.87190633481491,14.675133039875579,14.167848651809958
CRV,,,
CSC,6.294611181398263,18.95953211820606,41.0263129699601
CSI,7.714534571428964,7.820534013661357,43.622609621131566
CSM,2.37752029040317,7.108159774782259,1.9322276230560054
CST,1.5082593243583742,7.801392381380485,1.794178524342702
CSV,13.876707990253845,17.947493300357156,13.463669442860542
CT3,0.5125131373654438,2.8150667059359016,1.0417678043476497
CT6,0.44296768139445786,1.800473685364979,0.4827208332496107
CTA,,,
CTB,6.0189486171870135,14.837282161172945,7.337699901787412
CTC,0.4026120838994629,1.012473766241827,0.907141055922037
CTD,2.3631030752602538,3.983419980717036,2.298064924380533
CTF,0.09060739476074522,0.2687069236549816,0.025343930195378225
CTG,1.0255598627426012,16.107051471556733,
CTI,2.2360169304798885,7.509764496157008,11.074747467746207
CTN,,,
CTP,0.021970535402968668,0.032630475610348424,0.04499386393023301
CTR,7.067985670406521,25.84448934394511,4.311468846942492
CTS,2.9994430676324577,8.917757168746252,21.049292702909824
CTT,1.7717610520179827,15.642671157122475,0.6499904306231633
CTW,7.578304364699498,11.25712222890305,16.689352961217686
CTX,-0.7874649347593361,-1.8732361201392198,-12.063712651765437
CVN,18.629154767423238,19.492490073014114,50.18551361514207
CVT,8.65363699659965,15.79644357511773,9.226582969239526
CX8,0.22665401079943048,0.7648945933348272,0.42476211751243376
CYC,-5.553966149929456,37.74993187129385,-5.778427791771225
D11,5.2290614719020585,26.43538861645941,18.134213216029956
D2D,13.382166438198398,27.659214391258207,75.04196380099374
DAC,-12.228288771337397,-33.72085622523886,-5.910866451102812
DAD,12.223439205345507,15.95115509597196,7.270778513682396
DAE,9.598616532530817,13.171087285632707,9.268950448800076
DAG,0.5615776370444916,1.4434099476998372,0.5560746849051408
DAH,-5.401027673438435,-10.094045584932216,-268.59276935213427
DAN,4.34849722504572,5.252265110160562,8.034588058500647
DAS,1.0694408510243665,2.520729445299959,0.3073140298769433
DAT,3.1675019417708694,8.033852642895546,2.403860206696583
DBC,13.862572258481165,33.28522184325679,13.972802117888113
DBD,10.982226829948157,15.967579228838503,12.558913797363378
DBM,6.871714833917335,11.093727316395684,2.702898807340837
DBT,1.5889651187442573,5.7690891993270075,1.7052220995506961
DC1,6.9534388939252425,26.89410426775311,4.450134026899351
DC2,4.78497881772217,28.871641492025912,3.626736793312658
DC4,5.176877523521325,8.719427633916094,6.912675082364945
DCF,2.667905233232015,3.862168650805992,4.1062830550001195
DCG,7.532120331968908,21.189796148207403,5.328069019814415
DCH,2.5099691149815264,3.02990392489489,5.970535188213119
DCL,3.828450040217754,7.098661208898418,10.268613818102562
DCM,7.599057086624636,10.471063206888818,8.761039976370903
DCR,0.7989621421295039,2.446897148996047,0.8753820671231557
DCS,0.036046407193608875,0.03790268617244842,0.7827745446534634
DCT,-5.527032414800908,21.167480404222815,-16.771678416387825
DDB,,,
DDG,2.0564548751569776,4.079873915369621,3.327932212798115
DDH,5.065340593019255,6.6603681805702895,4.476255685388409
DDM,-11.917534123293294,8.945301481805942,-35.50381878894202
DDN,2.3425808122408673,8.77424887469318,1.002725172918121
DDV,1.8655571062177463,2.2555711211879963,1.5077965937605642
DFC,3.545669910996857,10.375017098427287,1.534618803245531
DFF,1.2294426492661024,4.928827502057525,2.6163705496461085
DGC,16.134223965489326,23.3088450264766,15.202025141909376
DGT,7.03665462927465,34.330913893595515,12.73935728839878
DGW,8.711605990085475,23.07442787701355,2.1326171210033
DHA,20.670332362569336,22.924253370062576,25.693340521627285
DHB,-16.942137332192413,73.85987260788089,-52.34605595817556
DHC,17.157055087884267,28.096002346513416,13.572779767727933
DHD,4.822823423940811,8.21071442562267,4.459742503299087
DHG,16.60558139630869,20.69858915851112,19.664767587469843
DHM,-15.31114238934013,-28.57444819044297,-8.742133274917753
DHN,9.382622319688334,11.428950282597373,11.245423495073045
DHP,6.024720838853859,7.267302850522514,4.427711510331652
DHQ,,,
DHT,10.446092283360537,27.490085187147994,4.789935908050031
DIC,-8.258685366436042,-129.76885673985547,-11.170028046522123
DID,0.7159569469769775,1.4318796767156514,0.9548936486442527
DIG,6.104229477352399,15.070493836678567,29.024753632748656
DIH,0.1885874565290807,0.8043959408836663,0.4180599112437364
DKC,-5.065149304214259,-6.38981286056768,-8.296437596205239
DKG,,,
DKW,,,
DL1,2.6629346932357043,3.1935215874788105,18.781845663211875
DLD,-8.75553432784275,-25.25620668374222,-34.73853946287125
DLG,-11.296637596702395,-37.093840881160325,-45.70073269947466
DLH,,,
DLM,,,
DLR,-10.42528558323552,62.71539987434769,-23.69172554882997
DLT,1.3229411014675418,11.026253189237961,0.5152969963521153
DM7,8.540660855780539,19.821890739357276,5.477432315794814
DMC,12.263480338374572,13.649008233111596,12.365076823699898
DMH,,,
DMN,1.7831819918499137,4.397447863848726,1.583526814960562
DMS,2.225716165930776,3.549080237131249,0.6152106251430164
DNA,8.70069659143051,16.16301936818396,6.936776417065409
DNC,20.98947371269691,29.676344974600543,5.146905856497304
DND,6.532936161859258,10.11523372715121,6.795283468351395
DNE,7.679981941034832,16.133561637918852,4.676981400019716
DNH,7.906431780404219,11.385133073589488,39.16367660703584
DNL,11.838688215835488,16.474409080746774,7.279425890155493
DNM,7.254351999950509,30.453568558515737,5.303629523938631
DNN,9.881912835670427,17.640736809945846,26.113211421296377
DNP,0.2783177152662825,0.9831804676362431,0.8235953644160408
DNT,6.2636303693389435,8.309170461738145,3.3721327688637137
DNW,4.559071992553093,10.846027026762311,14.50495803571312
DO3,,,
DOC,1.9686364093575275,2.2717404937677528,0.7241181695980309
DOP,8.375141111270223,10.862935931925032,11.208317456211608
DP1,3.184843426522552,15.735486563384152,1.9706056398384248
DP2,-4.603472359761084,-15.89918278246905,-14.69461094506278
DP3,25.84302015786268,32.92283194206109,28.823435282018973
DPC,12.93790660754256,16.704325676860574,12.361085958886816
DPG,4.8946991153329895,16.777379780181572,11.138268874908446
DPH,8.962509297143782,12.189727024040856,9.600501278544488
DPM,6.209055957379366,8.50705953166475,9.039372272762641
DPP,7.537297954613736,14.120168669068878,1.9402271157838917
DPR,5.6070801618077875,9.104674655823926,18.60834751754528
DPS,,,
DQC,,,
DRC,10.544936443053224,15.191007746233524,7.028845694045022
DRG,1.1554818163950615,1.8573590520192165,3.835158170790841
DRH,2.036280923632375,5.981837666990889,65.37200492153087
DRI,2.0113254058157235,3.149724249484466,5.500031892008553
DRL,40.03927969147895,43.3576967621218,60.98040511125795
DS3,4.0034252169390205,5.715369351041249,12.192356039158534
DSC,0.7178793701073631,0.7350997311410369,8.550760869430574
DSD,-7.53765556668145,-14.967872589407117,-80.6857787462938
DSE,,,
DSG,-11.194462100866678,-24.892825514745866,-37.50412761476145
DSN,18.19822721918387,19.79729156791306,48.424028056890315
DSP,-16.021989861334223,-16.87691278458214,-138.18825503448988
DST,1.1141285039763913,1.1759724829989615,11.455851400864649
DSV,2.3525095154035993,17.208636678195266,1.8489372787759937
DTA,-0.7127709860531201,-2.0728638167839666,-8.838317942088512
DTB,8.041781162948398,15.316474368313676,6.459183621794779
DTC,4.556899651961161,15.68301101124748,5.026902543797664
DTD,8.350516952849363,27.436876443772874,24.093234007048373
DTE,0.87120239988052,2.4911349202486903,16.27413599054748
DTG,1.8563022998975462,3.9884496114950125,1.9622848921689016
DTH,0.8729350964950887,2.891432144117516,0.6925600186585519
DTI,0.032682273551387184,0.0341756464868183,0.586543455484026
DTJ,,,
DTK,2.9185385777774555,7.954968916465932,4.589830649135201
DTL,0.8750433016222143,2.1030851815481744,1.0723499735184356
DTP,18.214380337997433,27.033392852607108,18.750281149133148
DTT,5.172260915202273,7.00369711387399,5.534159511569432
DTV,20.079034816404345,21.781389562439003,4.364444614731329
DUS,9.573613109635087,13.2115052862496,8.402259186353996
DVC,2.3964552426184484,5.27721545663857,6.616334565434102
DVG,2.097936287174925,2.4203034344737318,6.377611125739942
DVM,2.6220982675063857,10.173885151579807,2.554078172442111
DVN,3.5371184888359894,7.421152374440941,4.06451912371838
DVP,17.02417861204301,18.520653114673472,45.867838977973776
DVW,7.496703953094137,13.563742937252353,11.838661455961638
DWC,0.20903370344027136,0.5270287031365102,0.967605260776692
DWS,2.5907489952675147,8.74367405897873,7.441835041304367
DXG,-0.7467137511339323,-1.9162141814407203,-6.021809705926022
DXL,1.772557929136564,4.4699413640907775,10.637491421202512
DXP,11.780658521418104,12.25793998050559,53.03142778618989
DXS,10.234648583154875,19.446358985904887,34.94811453845688
DXV,0.08093297944744841,0.09694249997172408,0.05749604026863099
DZM,0.7422953778563983,1.9997234097380652,0.5885151593147453
E12,0.18922943440867898,0.6180595614576007,0.2156061627886734
E1VFVN30,,,
E29,0.5298392658481332,3.732822735967993,0.43851453515746036
EBS,5.083211312682008,5.792445027397062,7.015119887844071
ECI,10.343704724444876,13.811282169280334,7.143375910161972
ECO,,,
EFI,-4.26515592992244,-4.374014050318823,-47.02519124711351
EGL,,,
EIB,0.667048848021653,6.362743460116806,
EIC,12.311722961638742,12.805943280050109,370.3488766183783
EID,10.416596550356108,16.227104063876517,7.479733323417142
EIN,1.461779893976737,5.07996848873341,22.737271045046565
ELC,2.0825134864121098,3.6563476741225056,3.8890603307061995
EME,1.21280670933587,2.0799096258482566,1.7743678838994743
EMG,10.575160153197263,15.680786526600855,11.756627946296337
EMS,8.59350073165482,24.391297281381892,2.9805701700487273
EPC,0.09751236742795687,0.1282746923913945,0.14058014189037923
EPH,7.5171702025490905,14.90155188167266,6.575303626288158
ESL,,,
ESO,,,
EVE,3.1083446277353834,4.453639690736618,4.916879328734445
EVF,0.7929520863000602,6.230664628050253,
EVG,1.8839518106362974,2.6090264212234593,2.522428621695973
EVS,6.504262695649143,7.353066875052891,16.27789172952998
FBA,,,
FBC,14.967869564859216,39.95245053390856,5.528224516049629
FCC,-112.26089851453507,-279.5133567445748,-302.92627501826115
FCM,3.4415288670900464,4.932603675908639,4.874250319166788
FCN,1.9702494512873647,5.337184848002213,4.235160563939389
FCS,-4.795618279008982,-45.38952823135363,-4.741492152585827
FDC,-2.6351735125407427,-4.436674081234095,-13.645938739468203
FGL,-15.628913252180308,-30.34623897638068,-271.9392522060173
FHH,3.0226308685962455,5.261324317727089,11.275808127313384
FHN,0.8409261259947827,3.3210429034242863,0.22013491795020698
FHS,1.132793489179536,8.627944862414667,0.4203287263474418
FIC,2.038553939195219,4.22211358984494,2.3314362684648855
FID,-1.6582351930826096,-1.7203343744011521,-4.924367727889961
FIR,6.690776339805006,9.900833411498553,24.64541976463818
FIT,1.5774372709602147,2.0597991550368406,7.013592841960324
FLC,0.8140060938495653,2.294199521928134,2.283400112646875
FMC,13.205237411005275,20.900295439667985,5.117821766854927
FOC,18.085356801764306,24.938729521472418,34.11425931879826
FOX,10.347015123512083,32.76519314974328,14.511406885955225
FPT,10.599777053213396,23.776331815030233,14.829654109471624
FRC,9.862009378728196,22.54461349633202,8.19797747757582
FRM,5.248788859510712,6.322921629210729,17.89276488633098
FRT,0.18963494806257547,0.8339303845471044,0.06968446844903375
FSO,-5.895341250242061,-6.139061026656808,-23.855479147792853
FT1,15.80780746325636,32.37245271874332,6.119100682857164
FTI,11.582967992451437,14.359125978975337,49.66438113347587
FTM,-13.426385122616685,-63.98316413905645,-246.06507274199708
FTS,5.02247209212194,7.744612408402649,42.26375469341502
FUCTVGF3,,,
FUCTVGF4,,,
FUCTVGF5,,,
FUCVREIT,,,
FUEABVND,,,
FUEBFVND,,,
FUEDCMID,,,
FUEFCV50,,,
FUEIP100,,,
FUEKIV30,,,
FUEKIVFS,,,
FUEKIVND,,,
FUEMAV30,,,
FUEMAVND,,,
FUESSV30,,,
FUESSV50,,,
FUESSVFL,,,
FUETCC50,,,
FUEVFVND,,,
FUEVN100,,,
FVN,,,
G20,,,
G30,,,
G36,1.1707597582340241,5.4639767824040835,2.504087295939609
GAB,0.35370519731593075,0.4898251218623309,0.2250592488882392
GAS,12.611917229412962,16.104732517962276,12.429711561298024
GCB,1.1742342694497512,1.6842181956210793,0.24727682439503354
GCF,,,
GDA,3.4326274526849194,11.807181563150307,2.3142216935600772
GDT,20.051312575792725,29.56259252417509,19.97402830428864
GDW,5.435949258690769,11.100733614538674,3.2494612345250777
GEE,4.553501372358359,18.017536132201638,4.0791556089731955
GEG,3.7946578145408334,8.505479201623505,19.752108912125262
GER,1.0393181954464024,1.6625144784103942,0.615338400253974
GEX,3.6080142099276977,11.92488261007967,5.458059113700737
GGG,-45.228789554393735,17.474237575515904,-37.71378559852406
GH3,2.489396408146657,5.787094441673787,2.5100382839012223
GHC,7.175651464206058,15.415135535088126,33.038364895582994
GIC,15.081443157873148,18.47694622164806,22.493606808704396
GIL,11.41850156533735,23.975205908322394,8.9470639605692
GKM,3.1376657777425847,5.783109564139731,6.142799664338744
GLC,-29.815407996030757,-49.986793979290525,-inf
GLT,11.618444443411382,17.791296395939636,19.937951596719586
GLW,4.644543245133393,4.809655426504275,17.00709299454243
GMA,2.096774706940159,5.2876029626858205,3.395231826060826
GMC,3.7957538842249483,7.0492294242598215,3.1476454034274655
GMD,4.478862925324758,6.679006508514284,16.904533883319328
GMH,4.743801411599186,5.036709305634764,7.227778696660554
GMX,18.962623489845093,28.896713805723273,10.222588330580818
GND,13.756132165244313,18.21277256505968,15.031945596062506
GPC,5.7703717699627655,6.722527095137528,52.215406789877065
GSM,5.408792976369672,8.327164192270768,25.48234338327204
GSP,6.839791372282939,12.994990519793848,3.878004689356195
GTA,3.604747725906353,10.826118905297298,3.225371030577022
GTD,-12.492077712242587,-30.550328889168977,-13.188641235794366
GTS,4.9718464844874575,14.080018458015752,3.953496666755064
GTT,,,
GVR,6.323453855877623,9.870288259589715,24.039960415979667
GVT,19.269897386471975,46.392458243133696,10.529295436853154
H11,0.26954755001702213,1.6386765058841264,0.4524749222332661
HAC,6.6366277937149425,6.945666124903771,37.674771640478504
HAD,8.908617763944244,10.748647026569413,5.504222920579745
HAF,-3.3201797675376667,-5.35416607810876,-6.274536962158657
HAG,-6.395511701381714,-23.767336098393788,-75.02692723746517
HAH,6.999005051709001,10.974556182430204,12.301903543484096
HAI,0.20267081126363667,0.27789953044512955,1.115227467901443
HAM,3.2327600485353316,20.411231148053766,1.1177554417298683
HAN,0.49917357322150346,1.9743327060255944,1.6495892819062659
HAP,4.215515419877095,4.747295146804294,10.184007893148772
HAR,0.15740758136803382,0.19175021352594196,1.2447144076358114
HAS,1.4698671564081602,2.08604824383437,1.9414413928167586
HAT,5.497932270062442,13.933067458822409,1.1683114365851686
HAV,,,
HAX,10.17160437207175,23.417053396340876,2.2506626250705706
HBC,0.5380033643905286,2.017143972380108,0.7454273209188133
HBD,10.072264723541304,10.6858739851344,96.95372158528266
HBH,4.679752797572905,8.50154912558949,4.48359644052893
HBS,1.1417863509044632,1.1497709541718235,34.21176428440727
HC1,1.0501078620489062,6.349950397229975,1.44908361526772
HC3,12.327823036621915,14.264109382773443,69.5781748941779
HCB,1.3849214956366833,7.634334068264499,1.3092605643454833
HCC,0.07220941647354165,0.13134134542637843,0.050924251673513624
HCD,0.3079667798614957,0.4179930055259399,0.28755601148466226
HCI,10.428528722928505,23.913079114242002,125.07904291621547
HCM,4.247409870223426,11.946156335393916,23.597592631243394
HCO,1.2242377237330604,3.8093520988740464,1.3660049508937981
HCT,1.6821545060124583,1.8558778523070814,0.8221720240082182
HD2,0.3850835276491332,0.4170731461563186,114.18284338983642
HD6,0.6113335655371096,2.8165397179606675,3.892319341966578
HD8,2.2134464273548957,4.265873984035503,4.761136095023004
HDA,2.8346273884381024,5.210077982426029,4.060280371616686
HDB,1.4561882919014058,18.811075010864617,
HDC,6.940599986075585,20.249775490858063,27.567111099553433
HDG,9.034441655186491,31.524406914002363,25.084301844993174
HDM,1.9770320788676934,6.107350965690307,0.889320035169193
HDO,,,
HDP,3.1282175900339957,6.487067109722862,2.2004056857648795
HDS,,,
HDW,5.333580027477025,12.699836208834103,10.36285381850681
HEC,10.017226798011384,24.192442685478536,17.001737786079804
HEJ,2.6092011887805624,6.600193350250273,3.6330077296053886
HEM,1.3005237095923705,1.7302036723192051,1.9578592221080906
HEP,1.4479030221183695,1.666722874420418,3.541443078050441
HES,-11.97063880083411,-13.514829001862172,-24.299346152686315
HEV,8.716497093063758,12.46147679287916,5.735349619025469
HFB,2.8623914460682505,11.489876529696438,2.5366428202225877
HFC,-2.3713550408387545,-14.269835005882825,-0.5515313021475449
HFX,-19.541149827375513,2.8696173087002927,-18.268730987240346
HGM,6.547173082641988,7.753489004325203,15.840660935316661
HGT,-18.777540222753302,-23.30460237190278,-146.2238179505142
HGW,2.884282192736376,3.510345255107102,6.449237163907553
HHC,3.2872646431693533,8.338238949097283,2.772900408972512
HHG,-15.769218179459596,-22.9296073473257,-58.955488471718844
HHI,,,
HHN,0.2544130630890349,0.3652056742104424,0.2461854213113881
HHP,4.579988670466328,9.905725045394655,4.777739323818675
HHR,3.3279587289652275,18.689407055392522,1.7996779691804385
HHS,7.256455581791927,7.653124314676071,47.29914763902195
HHV,0.5415830517402714,2.3774856840249545,14.614000164207171
HID,-7.786477465814917,-17.735413334883983,-32.719867300857345
HIG,0.20484301986454456,0.4455976606821473,0.22942713723818944
HII,3.4607938971291836,9.239606720770764,1.2973162706158474
HIO,,,
HJC,4.757460484072521,6.347119737846777,2.070441419124182
HJS,14.971490498830642,17.641125106856673,29.765086819319457
HKB,-13.792610017592747,-20.053633995252294,-1943.0717290171153
HKT,0.7281351418306431,1.0370377534645159,0.35413980620752067
HLA,-60.7617136902049,8.364672818423674,-1956.4488599042263
HLB,18.284146190146664,31.663920054066192,9.135010798141046
HLC,1.2026722243581927,13.482436206664106,1.5634501440055084
HLD,12.124761816077205,17.012857318920393,40.797111847270095
HLO,,,
HLR,3.148324790198651,14.735370292388811,1.924681990078993
HLS,18.86118711166697,21.594843691495498,20.883906718384694
HLT,-6.294946463150798,-113.01406809039185,-3.585281594607068
HLY,-29.33521351409956,2601.0004374598298,-38.97321589177526
HMC,7.5331293704818405,17.715701392905704,1.85268827513821
HMD,,,
HMG,0.788137140355438,1.2588857606041604,0.0585361163489074
HMH,6.253760061466833,7.059334216524723,16.630232992550486
HMR,13.559893125193106,21.692829368559995,11.22459964442538
HMS,2.555992427574203,7.571817435092654,4.243988888838217
HNA,0.8155035605763854,1.26292079483309,5.549444713661936
HNB,8.39587351209499,9.456449769995551,8.856093586596062
HNC,,,
HND,13.110902213312242,21.151232299215707,13.484123377457092
HNF,1.7870205857868142,6.510668561040644,2.149761726888564
HNG,0.08470169756638629,0.24073443261581695,0.8798555978483042
HNI,16.605360015653552,27.479208215203098,11.080260554988
HNM,0.4471068942157177,1.1933659939620425,1.1483226908539848
HNP,5.567025914521101,9.322967494296023,3.831935612145354
HNR,-7.8447387410652745,-8.390937966792956,-29.96717057997896
HOM,0.07628090230527775,0.11789348233479768,0.06616942302829303
HOT,-28.118456634177573,-32.115578093657135,-65.21915717797977
HPB,7.493687903582693,10.363877826115495,5.89433217640151
HPD,6.612731524811719,12.350159545217297,32.62007802820756
HPG,10.269954182823083,22.8068436233335,14.987115346284027
HPH,1.0880997887163548,1.5838478569151202,2.1387634337136987
HPI,8.654910472113391,102.052946472923,48.40458124469208
HPM,-4.255725403131577,-6.0172389092931615,-587.82249
HPP,12.101569173623062,25.040739248681,12.326663537790413
HPT,4.3433224745656425,13.750944267307105,1.8543124167666076
HPW,3.7370931722435725,9.288834120545557,9.723103648982109
HPX,1.3229127991827487,2.695747190993992,7.341262773596485
HQC,0.1376666310584807,0.22127731557207833,1.7832694275873222
HRB,13.647615770682824,16.644989112380735,55.59226975134798
HRC,0.8435314209339335,1.6694758289151679,4.758337203526407
HRT,-12.115056919452488,-36.56635115497815,-10.114417956460017
HSA,,,
HSG,24.860439914924743,60.885681604478684,8.852456248709117
HSI,-0.7328900142833219,379.65213280780335,-1.408114624269361
HSL,4.621841526171596,4.880786794484288,4.940555418468928
HSM,0.36797846633665426,1.2420659642918177,0.5017223922042311
HSP,4.737977782488731,5.5704067144008915,2.3023313411217288
HSV,3.2193404936824828,4.571510406254872,0.7721304433898681
HT1,6.055600430180244,11.275257296295022,7.63585037741719
HT9,,,
HTC,7.962271473030964,14.739430979023913,2.604335544791983
HTE,0.4094066623631647,0.780138222090558,0.6477820335190353
HTG,3.5539872125443157,13.020937110302233,1.9113544099445896
HTI,3.654629174693627,13.362700950326367,16.155049849185986
HTL,6.420548296840395,12.410239940430605,2.9591948390919045
HTM,-0.0016499267422004956,-0.0022168013696960876,-0.005373830967165175
HTN,6.449841643817969,35.20638736667227,7.852922281609132
HTP,0.793698486173557,0.8319299589400315,2.065910990880892
HTS,,,
HTT,-5.086968041036046,-8.282642742788605,-198.54322063570564
HTV,6.370553569615743,7.881704815266765,9.450981746230207
HU1,0.546854052831867,3.326249050524197,1.2837471274968717
HU3,0.5461713850379708,0.9507787874413122,1.2050523291234332
HU4,2.2197470296626767,8.38706454715342,5.626497473903711
HU6,4.633493841985223,5.495792270814481,9.42871139046014
HUB,9.519023796540397,15.805942428203885,15.844864895070563
HUG,3.4352174797659605,8.88384062180773,3.008298989572231
HUT,-2.3964509269272067,-8.222123400714878,-32.4363263592539
HVA,4.993176620484169,5.346617101120838,3.0584970723903986
HVG,,,
HVH,5.057191094405704,7.481099876498666,5.857019684736187
HVN,-17.867205303374472,-184.0825285587327,-27.574158082994778
HVT,6.3895919220345805,13.152775299333841,4.165657734862852
HVX,0.563940372177028,1.0147666105894226,0.6996497531630721
HWI,,,
HWS,4.9083775606539986,9.840788373401104,16.766251250598057
IBC,2.272655418360786,7.0888742545204915,3.820184681303057
IBD,7.9088215821993675,8.288232076082293,9.935067943816557
ICC,4.1619583435918175,9.568741575791005,12.124763753183355
ICF,-2.071759239890343,-5.9290219826072414,-5.083005326311381
ICG,3.8699602218814624,4.6642294693828115,34.57415476831239
ICI,0.22936672724547516,0.6045461461351322,1.2441688146193304
ICL,,,
ICN,3.8244360643562243,43.39586168383189,27.56678439548457
ICT,3.1481208714604954,9.745459539601748,4.297230441228858
IDC,6.871623768946801,20.137425290306744,18.640699301153916
IDI,1.3888823066057516,3.5726778585964944,1.682698678710115
IDJ,3.207651785538517,19.538799005578102,19.17570518160783
IDP,23.211059348472663,63.30315179440028,13.08173273464415
IDV,12.67054033290386,37.07654626818421,116.61853755573578
IFA,2.61369173163241,10.307567528056671,2.008652040198709
IFS,13.894942029610702,16.75975906454439,11.001705119219695
IHK,4.225577852369619,7.400613750411574,1.5488767448636847
IJC,5.569356227546235,17.867649953871254,17.27475004927223
ILA,4.3069601730342475,6.239716075819005,32.07233745886528
ILB,4.81201756779665,15.643007318017569,15.204154854083654
ILC,20.713305560153504,48.932202641398554,6.95185278849421
ILS,-0.3061764145527626,-0.5193630139342074,-0.7371472614706885
IME,1.0252231442759747,2.230980306075246,0.4256959628898142
IMI,,,
IMP,10.00244944897282,12.117801466077156,15.312805107850583
IN4,16.99378584715989,21.856837412015288,16.8263418050922
INC,5.861548364010805,8.802284530011885,9.349229743540178
ING,,,
INN,8.358315749556475,12.932235125474453,5.54351559239477
IPA,4.490865610080023,9.593791182973746,74.68734948897456
IRC,7.710717564690854,8.248642364754923,82.8233324979642
ISG,-9.41268622983845,10.561419789178702,-16.16190213837565
ISH,7.025714946455965,9.450099642676955,28.97569435754306
IST,8.093061469347582,22.569088631417518,12.91243888893229
ITA,1.3273588313804625,1.663087583435674,27.61331406740891
ITC,3.086118231979435,7.006634282634888,14.77596986569438
ITD,8.306148038216195,15.46283564887752,9.502020845358963
ITQ,0.4981504660967544,0.743805446689781,0.41856639888518643
ITS,0.8379056837814962,3.779275903454892,0.5531335358005836
IVS,1.3773047574923631,1.3891265963823691,31.35441953966668
JOS,-9.814589257459797,9.013615562858007,-6.812765334457935
JVC,-9.534000571495904,-13.075034051559713,-15.204455427692103
KAC,,,
KBC,1.344553952354842,3.0021037490155855,14.868411600920151
KCB,2.105868847898851,3.043177680669593,3.3576634854622145
KCE,7.199598240297683,8.479395597918874,4.971660475355604
KDC,2.674172464194398,4.289142594473247,3.967479018068973
KDH,8.284974422540454,14.151180267066216,25.4733011242013
KDM,0.04196047465150908,0.05383829178540074,0.3197165384369955
KGM,2.6136668490566324,8.475115660451186,0.6695599857161894
KHD,6.819462182637507,14.294718431079648,7.720040999049996
KHG,4.07950685030532,5.500657295073866,31.919173301760956
KHL,,,
KHP,2.2252571348506676,6.811292248891511,0.9871691314942641
KHS,2.0907277267001296,6.916367787860218,1.1851870896153582
KHW,6.9819161431393715,11.517348388816275,10.66725347287842
KIP,0.6739291706817825,0.982655426967279,0.6649611778934648
KKC,9.862073669234066,16.568806466352516,2.762328045503519
KLB,0.22051958497878227,3.2239013499152156,
KLF,0.11411833535796395,0.15093181305060557,0.19339397096927893
KLM,0.00042345858157299824,0.0006239835113209981,0.000569146495661869
KMR,0.016496813235356258,0.03039338127520385,0.04373371960258457
KMT,0.8777209232763051,4.824424846622598,0.31738974275611176
KNA,,,
KOS,0.9966707962724088,1.8910800267046723,1.674392118884719
KPF,1.9533862937772484,9.984162957242887,64.939558045
KSB,8.350938459406109,20.692461427019584,24.78433905868499
KSD,-6.753597909619143,-6.920985608179851,-57.72902191860552
KSF,2.353100098059866,13.98442643783434,18.164943928265608
KSH,-11.528981958104211,-11.910919973689166,-5176671.198843009
KSQ,2.076966679230023,2.1045646040680865,17.4643296007543
KSS,,,
KST,5.115860109850561,12.31845622734154,3.594425822346229
KSV,2.3875870850310914,8.314865351320337,3.320572549695864
KTC,3.203127565144798,9.501334744180829,0.690066364537332
KTL,4.975214463840269,13.95136571388308,5.640899391296614
KTS,0.7664260708039015,1.965186042043368,1.6398007263853531
KTT,0.9713088204826199,3.0358687596062057,1.1147949247186455
KTW,,,
KVC,-5.598023674663389,-7.768914081460215,-12.470897301064232
KWA,,,
L10,1.7354628046102025,7.24547799693264,1.505572109065347
L12,1.0881563412253137,4.217572508337182,1.4467145515191004
L14,6.867207671506197,10.12484241443208,30.058059463532853
L18,0.8715117993112941,5.818355227663035,1.1525754132381436
L35,-4.74198609424575,-26.978247229198494,-8.873834205924792
L40,4.670365935475733,12.689439542864944,4.996533349942757
L43,0.05865321711585019,0.47928165852967514,0.046156127565788005
L44,-9.20315100216313,8.636926950907423,-inf
L45,0.007722518563126366,0.09908503405365372,0.04034094312270298
L61,-0.15344283278081053,-0.9675145748416932,-0.2187661204067451
L62,0.10600314546198367,0.5877278862987523,0.19384166350649915
L63,0.029957241488138085,0.2422326139162032,0.03814722786437649
LAF,11.68572986952902,15.295572789053402,5.984344665680201
LAI,4.191292229883665,14.521100269685874,6.889606587899848
LAS,0.45836033335575715,0.646316325379558,0.35116965845916204
LAW,3.0444770972683286,5.7904415193691205,4.736623554478223
LBC,8.965044067554139,13.250844141066844,3.116882581092804
LBE,7.895801748264758,8.391768482042018,2.3552942153996104
LBM,15.163750150165429,18.07423915307316,11.313013730667464
LCC,-19.946966385264307,10.5687948685355,-112.26848050566416
LCD,1.9387166341995634,9.791035373175777,2.237073966212771
LCG,5.083069288946087,16.882673679716564,8.814943206768405
LCM,-0.5026729736897648,-0.5540637073299896,-3.9946868502804054
LCS,0.07800922252532944,0.3023333690130615,0.3243124991423896
LDG,0.23337957777738733,0.41585652674571366,0.9298108653628998
LDP,-11.934062114505572,-22.30864591503115,-10.272961335853248
LDW,2.5600566510687117,3.2532419251744153,15.384872918763781
LEC,0.059530364842449175,0.162125655957065,0.10088032491327044
LG9,0.36343252043624025,1.8281947442919149,0.9897832559730422
LGC,4.24802505737871,11.378341366874976,71.75867472347423
LGL,0.22304081357709724,0.5353313887963927,2.3598381621050786
LGM,-10.410234016934561,-22.59807527565264,-10.57853973009126
LHC,12.36288453511268,19.101121545863354,10.461327835284154
LHG,7.641359934301874,15.474923624700414,30.866003569926082
LIC,0.5160016288885312,5.692904791788566,1.0522990186765244
LIG,0.2063724290416049,1.3216167701652903,0.47185684608454037
LIX,22.611322829814767,36.09575536418894,7.928775666161436
LKW,21.718028820370275,25.097229248198712,28.755272260751376
LLM,0.2739539030033712,1.9260467821583125,0.35027285347238096
LM3,-92.20326429084773,28.71929748854141,-145.00764483454384
LM7,-3.0658092997307635,-14.60686731108119,-5.16561777237823
LM8,0.3758859475582435,2.037510163644576,0.4365705909071177
LMC,2.889381761281754,5.459683797122454,3.6233518269021574
LMH,-17.349360073089034,-53.804141884352255,-110.92102619582134
LMI,1.59611821592943,5.6221759892197145,1.4687378791763885
LNC,0.33248028091876813,0.9508140739141943,1.0964068735368375
LO5,-14.4041264733065,365.7555782023151,-58.764585669731225
LPB,0.7682946800462127,13.082798249488503,
LPT,4.39278516604803,5.543509320841982,3.7421796773890166
LQN,-1.7521184813687352,-22.814427245990228,-10.746288895496829
LSG,0.9205557650902647,3.911174159431871,inf
LSS,0.9829123898384665,1.513058117663129,1.2376632711146522
LTC,-2.423100703992246,-11.849884963304614,-105.77357804139614
LTG,5.327506153437223,12.995628219819059,4.912777327366545
LTQ,,,
LUT,0.008547430594157095,0.026249127588673402,0.018994975000933015
M10,4.164402195361692,16.742005285207494,1.9192571131900715
MA1,7.923984521713309,17.69430983257016,14.73128194543459
MAC,0.4852235324357084,0.6165311212964675,0.9630831460393801
MAS,-11.602011582299774,-26.380919919031236,-11.397319291149827
MBB,1.7386563922277263,17.177895705335953,
MBG,3.664834378176281,3.91535627688198,4.005783696541165
MBN,2.9797679474710406,4.189314774532562,2.828160649952791
MBS,3.830115087360001,13.041619021055714,24.087263148487757
MBT,,,
MCC,2.7507226171316628,3.4074082075805254,4.655806379265117
MCD,,,
MCF,6.62034951742792,8.717275105803221,1.9147625319143053
MCG,-0.12439794790751024,-0.5004402435333978,-0.9772272308352425
MCH,18.006102107034817,32.189149065975016,19.695941188921275
MCM,22.962227746310266,30.78541613658135,9.94475760486655
MCO,0.05674374532661737,0.15591957295133219,0.1287967951619503
MCP,5.171507572098158,8.999974487803813,2.8030156078739763
MDA,3.822344854102318,11.971044075635575,3.2097969652817513
MDC,1.8983055471225398,11.424188939703114,1.1315795589251167
MDD,,,
MDF,1.9544198408693192,3.6540248967672495,2.739092434935223
MDG,2.5098373524364352,5.839239714674531,3.2316638786203242
MEC,-4.203918961438104,49.73010373139728,-44.56470005859023
MED,4.670922624222593,13.43392172941227,4.684012516913665
MEF,14.159997813867687,19.97957199337932,8.762477558457675
MEL,1.3831755738774665,4.32293281819221,0.8561575488199691
MES,-0.7506354497128951,-0.811323736998815,-40.104113427026796
MEY,-3.251425462772629,-13.194365022892155,-18.38825256948494
MFS,10.215389731888004,16.443925869600196,4.333538596519875
MGC,1.546551610001011,4.671721665467724,1.3389451854507792
MGG,2.041299521378956,7.642953733695516,1.0294413626927548
MGR,3.34653690250922,4.072012298448425,7.865723780802577
MH3,6.513207324098663,23.79507223157952,60.07707944324334
MHC,-0.13557711544042228,-0.22684012114833355,-5.17681476073973
MHL,0.40654899484798446,1.5549165822448827,0.2278677335869411
MIC,0.21811948214625954,0.3831850673991372,0.2607522350392531
MIE,0.2248611153018774,0.40049527911030813,0.42575022525084455
MIG,3.493472721339762,12.63222047138018,8.071539125277367
MIM,-5.043627137662867,-25.371060608125894,-6.64994297218892
MKP,2.6496672752459807,3.1440768217532735,3.277871101468685
MKV,7.0889935935535675,11.718134105433855,6.8196621238217805
MLC,4.789482525380901,5.870336728770407,7.237623346656951
MLS,72.94993687383341,99.78447883977847,23.981981468842847
MML,2.740935757676638,5.815784325960468,3.0535524203724034
MNB,1.2730732940882574,9.003415858240311,0.8668149721906209
MND,3.3430837617861786,5.315763795674529,1.8323917327127532
MPC,7.5405037987558226,12.66020838252722,4.702147148190733
MPT,-0.5361085200882738,-0.6198465189261793,-8.37346081347424
MPY,7.305693661005148,10.138919524327559,5.283649597685128
MQB,,,
MQN,12.39096122657995,15.411046981137005,13.963660881106604
MRF,9.980833399957122,16.720584373926133,6.584861618650467
MSB,1.138183945596326,11.91801820215079,
MSH,8.821013419417008,16.072294895517434,6.0784105480289385
MSN,1.2053347497915134,5.573301839743776,1.8065949243210842
MSR,0.12912601788057934,0.36784549916260817,0.7103233403382226
MST,1.7419225574092954,5.374421137311961,7.989585684784989
MT9,,,
MTA,7.771169900393985,11.783731646879076,12.492250297026807
MTB,,,
MTC,-2.486623694929681,-2.6195510932722503,-7.801732396807394
MTG,-5.29374035471575,-10.022315314980675,-2.4781214555626034
MTH,5.465667088155519,6.1664837289118335,6.786056729144531
MTL,0.4896228883365915,0.49851425349950695,2.8940416299295393
MTN,-6.3756585833407,-13.466445682953946,-18.2106334632951
MTP,1.6877291497645306,9.513188817841431,0.775454974861823
MTS,1.7998797762774095,9.268755615622478,0.5041447804436462
MTV,7.793119481997141,8.624172554062904,7.776694541561568
MTX,,,
MVB,8.656836208380733,17.51444998465115,6.647178971106057
MVC,4.650549513302683,6.108989786360311,13.5844632611467
MVN,0.8529792906291177,2.215543795127881,2.0942792964802104
MWG,8.51574576361759,25.319411177910894,3.6112542141939645
MZG,,,
NAB,0.5953637635712028,12.118379637417275,
NAC,5.285542787559525,20.064766369664866,2.858337025735055
NAF,3.9986803988577653,8.165461502453947,5.09823931599203
NAG,1.0689323436890938,3.8844270110122086,0.7686003496911289
NAP,4.0472768148881135,4.76248394747649,5.710270737482783
NAS,-0.07157170140539085,-0.1674271237197282,-0.09423708733676431
NAU,0.3530863442602867,0.499500619555997,0.6353623490299052
NAV,13.690097706338012,22.21782256684856,34.904502365680344
NAW,0.08821098406956454,0.1878595606429849,0.27715236748438843
NBB,8.000835535899972,18.526059519768314,9.349386891155646
NBC,1.308645891849193,9.83085955393785,2.124506216767728
NBE,11.297786921954271,14.109514183578936,1.9723746744063697
NBP,8.255039972886474,10.517474237618988,2.6969680821388926
NBT,11.135958839631467,14.917627451080337,30.284554840693833
NBW,5.964111077831574,9.76606141950895,2.1806351340418724
NCG,4.775796902836801,9.251952230245669,5.957544401853305
NCS,-6.66582552474011,-24.91518777727867,-14.27688002593756
NCT,41.156066040268456,50.51813495841326,30.889638451254488
ND2,7.173053706505042,18.611767334027192,34.00882887615976
NDC,20.182041457737544,24.959880466541808,13.010528408414954
NDF,,,
NDN,14.933079751349931,33.36588631739561,37.659992298827355
NDP,7.564745851243929,9.281482546595933,21.08974212867053
NDT,0.13377506362917332,0.73733009789992,0.1337713764045983
NDW,5.796323919459066,7.440388708543333,11.213766614766026
NDX,4.439435490212416,7.227065435374835,16.603998209562562
NED,10.869014313168897,24.940302650560845,103.42020502170053
NEM,,,
NET,19.178173548736204,34.46227599391049,9.074890851986254
NFC,3.7872792595781406,5.046832756123118,2.1191863558955184
NGC,-35.3644121491735,210.72854106404165,-94.02484087392554
NHA,11.344262920939308,12.762470485800199,22.294624742409173
NHC,16.950219147006816,18.60087119235218,16.11002087939347
NHH,6.609443831680206,17.614048202950222,10.571443570348226
NHP,,,
NHT,8.264602165406389,20.160669275425718,8.231400253370836
NHV,,,
NJC,4.1117848040006235,21.239616308501162,2.695414507784113
NKG,3.8035035815902334,9.282227636802673,2.5543066299405903
NLG,6.232833833373201,12.653042623836209,38.359716923618464
NLS,4.420844344327186,10.92288631835616,4.64811020613398
NNC,29.175027155278404,38.885349468890006,27.58151975474206
NNT,13.432614980643923,26.96526085566565,28.682840274008214
NO1,3.017153275333731,6.00393624683206,1.8315042221401927
NOS,-26.886273638357995,5.688358007463461,-107.30098264743498
NQB,2.792550058363054,3.9859967028417502,7.677322152144531
NQN,3.646262162226579,6.894720767439938,6.853275839681664
NQT,4.618386388226173,6.177735072893889,10.518032562802038
NRC,8.092383574018996,13.02672660084315,30.012839126522874
NS2,1.0210103475730556,2.2981189650650746,2.9896309030465686
NSC,10.813758295570738,16.21511980002654,11.918584735326437
NSG,,,
NSH,0.4567426443377549,1.6143821430237022,0.45286935189015065
NSL,12.551284462365093,16.510868072903133,14.804371668937675
NSS,47.02759396467184,52.460920960408444,39.40115331711037
NST,0.25006045631514484,0.5263887563634397,0.1387371714045425
NT2,9.798035384451218,14.54889532934571,10.279818784384922
NTB,,,
NTC,6.540845504849459,42.585783144686495,110.38916414007032
NTF,1.776883665919907,2.9673534326466204,1.1514040350597883
NTH,13.420301970683726,24.58244089737248,37.26349806405943
NTL,16.321280994446667,25.372660139269122,45.24826474853062
NTP,11.479870027859949,17.27072962088908,9.96830043658652
NTT,-4.070755676180832,-21.008892885805565,-3.1311287373441155
NTW,6.292559623913466,7.11190271641374,7.566031630556442
NUE,5.184370660184611,8.63764508189646,3.0911881404822714
NVB,0.0013526598515824111,0.028431883119625037,
NVL,2.702781478623782,12.233757902207627,77.7203148175975
NVP,1.0530095475642425,1.5947587437652757,2.4325985327023427
NVT,3.585852406045538,4.744628925824291,9.096929537405467
NWT,0.7452271672402724,1.4069988065315333,1.1483452896323485
NXT,,,
OCB,2.3174445636271046,20.273556273214915,
OCH,10.015279632169026,15.514535358553283,30.656288186585567
ODE,2.2887797551169924,24.92003946475748,5.125228213608366
OGC,5.450459384597356,16.59702042289278,22.683545218346442
OIL,-0.7525235992549933,-1.5722278047355462,-0.332050763570958
ONE,1.2442605510193006,6.238165069825236,0.9522084112612721
ONW,127.39071847058985,-28.709915295187066,95.05914663390746
OPC,8.928067039596401,14.483461676504305,10.65742871610472
ORS,4.060196190442903,9.293545810370254,22.88137238640905
PAC,6.190355622627532,20.34553628677648,5.0298524298750795
PAI,3.722249496805067,7.154488994841285,3.645660297496542
PAN,2.9394390823175125,5.397945919976727,4.000641705745181
PAP,1.092127573855536,1.2553233208495695,inf
PAS,0.9354857105994908,1.6398476565589855,0.6879564265725048
PAT,9.876686135652466,26.461616156723572,6.724270208252768
PBC,0.32103756974568404,0.685412924860754,0.9011084081115879
PBP,5.379465198771403,8.923797259128706,2.0000681426073665
PBT,7.041052685220452,8.651589790166405,4.661468552500856
PC1,5.074598961660023,11.407457627071233,8.14664166690727
PCC,2.401526613033218,7.763467124165725,2.540387460001149
PCE,6.524200195917827,7.99937274076384,0.688414842315427
PCF,0.8499869560544998,1.3307352051275978,0.10688162024669846
PCG,1.7313954556630016,2.396928999572895,1.370200249854302
PCH,,,
PCM,0.15595133454460122,0.21216407845393656,0.23892854671235358
PCN,-10.50895016601809,-35.440710033003064,-38.260827069245934
PCT,4.871638620053882,5.199426966292236,3.2164165170100483
PDB,1.5104601246287195,2.7099966660325143,1.4602348366139177
PDC,-2.89802199907316,-6.067116486120634,-20.15316070753687
PDN,15.6940628273322,24.583649300097914,20.09380453983256
PDR,7.81337156468679,23.492246780512733,31.198833682219924
PDV,1.0793689717315984,2.6636128998731134,1.0032858570212562
PEC,-2.421525555142611,-10.2162132450332,-5.238539485093642
PEG,-7.55332295357773,-14.941552887665877,-4.213885831220178
PEN,1.6848844833050114,7.470381563447501,2.2351303066912376
PEQ,9.19295797576385,17.271562108786604,2.214112678192764
PET,2.2175604987880937,8.427697571574564,1.041879202261053
PFL,-17.98938006920988,-30.17225793175368,-178.0846314409812
PGB,0.46886153945618136,4.3132587382486856,
PGC,6.580515886192619,16.051595954225494,4.440435334640576
PGD,6.202789958400825,15.272673507222507,2.6958966666182302
PGI,2.8716025341327263,11.857696199697966,6.007051746482139
PGN,9.003997760547346,20.93081420935591,5.9799782867794535
PGS,2.4176574432471667,5.750190805527928,1.1837565064755584
PGT,-21.31652817325662,-29.19303999517965,-3513.3265757093022
PGV,2.490076202030218,12.130891243812087,4.496879654213582
PHC,0.48178569393680215,2.4476754977621216,0.6366004804207185
PHH,5.084440656479998,11.111404804514244,7.620862564322099
PHN,29.131461536590297,34.20610141878216,11.340720781575845
PHP,9.710106664098051,12.112145278457504,27.788716925599644
PHR,17.205419293246297,33.976157015572625,68.95171358109445
PHS,2.4749799556723158,5.319283757067607,24.763124394977375
PIA,13.754525384219301,21.964514645335438,11.680771652757945
PIC,3.597825864249824,5.529656393987042,19.435950426132187
PID,,,
PIS,5.521821441668161,8.373141636900757,5.449964934420117
PIT,0.5557340303860674,1.534761598348588,0.3359245440930316
PIV,-0.751133456923459,-0.9035624069940587,-inf
PJC,7.425382624515072,13.767954549141018,2.3576656440261896
PJS,4.513211706303133,6.624974529772162,2.3765795544994504
PJT,5.401173362257244,11.938309858876146,4.436930856396291
PLA,0.8391831488757806,1.196241506574239,2.561229843381765
PLC,3.14419207578713,11.766267784103384,2.6360609933952173
PLE,3.1839832461287103,10.321197455874454,5.178591820992624
PLO,3.632166086525139,-14.739748576002167,2.047555074023316
PLP,3.106227558631936,8.969655668765036,2.228228467293663
PLX,2.049827910397356,5.191707342429661,1.0108020096285653
PMB,4.663702854525236,6.285611556892009,0.6806191077397437
PMC,17.39138909140613,20.489755976852056,16.194447047524314
PMG,0.441923315448285,0.8331900022813844,0.537115600482091
PMJ,4.885630844587137,10.460157611834656,4.609489132974483
PMP,2.542497222313243,9.560087124132979,1.5314318942338436
PMS,6.611589650842268,13.378545276210524,2.315754742359626
PMT,2.6081564776613724,3.5402828047393835,1.524705690343033
PMW,14.985874483923117,16.40588639459808,29.46937400511122
PNC,1.113189739566702,3.3625738096823232,0.989154936019512
PND,-30.197855915193045,-170.6533341966124,-4.993195327398697
PNG,1.4850137248556863,3.565271970539383,0.9963025158428571
PNJ,12.605112452987852,20.39943311744191,6.106578787358017
PNP,11.875790417562072,20.50640561846259,12.715501011924976
PNT,0.19355438825901275,0.32862807887889156,1.3079482345843294
POB,-0.546983485016306,-0.6666181954499706,-0.132903920844387
POM,0.14179708236181573,0.4513765237532002,0.16136097072001887
POS,4.365736378484537,12.39719278607277,2.98481458255036
POT,0.8615833214672571,5.503739144551146,1.6745895548372445
POV,0.10350745214030839,0.17908474977941152,0.0247579928432445
POW,4.926288367449192,8.51600957036783,8.955636797766568
PPC,13.976742976581736,15.592967806889469,12.750501874634267
PPE,0.3143256244139725,1.9524772190546542,0.23714963715707654
PPH,7.497448942746238,17.38202562994297,13.501785687339629
PPI,-83.37006549364071,155.42639284179896,3026.4013723740172
PPP,6.746293508534102,9.070160075145575,8.346704150633029
PPS,4.096921370964816,10.313692342833804,7.51980312267561
PPT,0.9785484217370479,5.9027000316897285,0.21869809751424618
PPY,4.392354239451259,7.481647555737004,0.6630845868562542
PQN,2.2546916521394906,24.40272837709933,2.4352825742058846
PRC,0.6278229861695752,1.3429628930907065,0.42955383454284435
PRE,3.2282391654152387,15.512499441744598,18.913520024771195
PRO,1.2884847581192604,1.3623653079349465,4.701705050383371
PRT,6.662193354099764,10.698439715659209,44.79175295612442
PSB,0.3200632909726506,0.4518674696577643,1.4497558761673617
PSC,4.139069424205215,9.534445538301322,2.82012809384245
PSD,1.8994730959733073,13.115199455086291,0.5581084528104272
PSE,4.4910884332468495,7.26780558066056,0.6142119993457058
PSG,-4.6934163479483795,3.9676146056423867,-14.896351964056443
PSH,0.29675748614779507,1.798943580494047,0.46191991558184997
PSI,0.544428625149705,1.1090617580764346,4.406121108295683
PSL,43.42052439057021,45.936827410449176,46.768260926963016
PSN,4.552047855158669,6.885605941662172,5.870273589659151
PSP,5.171290516616379,6.262616800137789,9.943024846901768
PSW,3.4978414671516975,4.268759031426349,0.471214402398516
PTB,7.9456373800369375,19.054587549499317,6.7718160234193885
PTC,19.157122818780405,22.1983256459686,-11410.530866892439
PTD,0.857946750046479,2.76946846954957,0.48612353517459106
PTE,-7.643263506455787,18.754839810094193,-12.362517765368356
PTG,17.08046907440186,33.128165412414845,10.864728695695273
PTH,3.5825369826538007,7.31683831793751,0.8665870720584458
PTI,3.078905683488219,11.83218105229776,5.051540777290297
PTL,0.17842231473544534,0.27979429216700663,4.073220407146498
PTN,,,
PTO,3.522541359057538,6.054462480524337,2.956055566129603
PTP,2.828718263284084,6.363507890493258,4.492693982390547
PTS,2.486142259458181,7.744666926959052,2.2164903883505
PTT,0.6123365982224105,0.7419703728819146,0.4396020226955708
PTV,-0.18414250206211122,-0.31982590601771194,-0.19071468757924306
PTX,2.342181849898007,6.847653188906843,0.556410198881841
PV2,0.2628013616724183,0.35571057824097463,169.7401780868201
PVA,-0.24102511958115808,3.7801830975469173,-2.6942685784338334
PVB,10.303549232950665,14.728823228555704,8.710701025785895
PVC,1.2479698668275416,2.535544012111601,0.9586090991124434
PVD,0.8813889169706238,1.3091007113589983,3.515717088132009
PVE,,,
PVG,0.03296957571954383,0.10621926722177563,0.014785609235415395
PVH,-0.9299921785076024,-4.995448585926013,-88.63828173128837
PVI,3.809214035720764,11.776955729502744,18.74151597017227
PVL,0.16853681460236758,0.285271710780918,2.8954881213650268
PVM,7.135589927130331,10.257308113342097,8.032357348296735
PVO,1.2474875486907273,1.4310369528898585,0.6769923966520389
PVP,9.668576213307775,15.921539983056467,14.322293688213314
PVR,-0.5999016830272778,-1.2773473535494344,-1524.593299745547
PVS,2.7013642950069334,5.509877013213547,3.5178495711098585
PVT,7.488329256226223,13.225658936251888,11.248259687814512
PVV,-3.9525432191531715,-1982.5788782954521,-472.2566175119978
PVX,-2.0977052571282186,-13.523735122054688,-10.774567439420075
PVY,-6.362909742093301,20.916688864788572,-13.95961474768154
PWA,10.514330805268033,28.162737228224955,11.948347865816563
PWS,3.933873189370017,4.9169272129787505,19.989883052846714
PX1,,,
PXA,21.62301195285551,150.250694166491,589.642477252677
PXC,,,
PXI,-11.60544178175024,-22.621660782548243,-603.6581056476872
PXK,,,
PXL,0.9419759129009452,1.0112352095351023,1207.791799745724
PXM,-35.40082892965709,4.0894150438494945,-1092.2342892863885
PXS,0.2567901191256607,0.9929028504228077,0.297813070483696
PXT,-5.137728747594434,-28.401421221108315,-24.996224544068184
QBS,-8.011259711152356,-15.844014461159048,-8.13669647642983
QCC,2.6465990047492007,3.2513690790321585,2.5583562260665516
QCG,0.7991066832059955,1.9481061323124205,4.420522307058302
QHD,23.08813520165815,31.722371620222155,11.152200412938253
QHW,14.03189104066453,15.666876628959411,12.352753508450764
QNC,5.743363424585096,38.787487855804955,5.549558680918276
QNP,,,
QNS,11.50753958509149,15.941249514500225,16.225212261332683
QNT,,,
QNU,23.324249844409735,50.69428161005523,20.687549163845315
QNW,1.4587362848090304,1.6544277675733072,4.903582928815197
QPH,15.366923445434622,21.58080345623122,57.9936597150508
QSP,15.465516949512129,16.01914024419693,67.12152851391625
QST,4.839569594073169,10.780160181964197,3.516638207600211
QTC,4.773037271838456,10.323445682722664,3.4018255449673545
QTP,12.425241664440104,21.443142590954043,14.21846331741028
RAL,8.347772095237112,31.138686042474717,6.827544791483669
RAT,0.7248961810030443,2.4655000465916506,0.5130075573657417
RBC,0.9723812266473385,1.8809005462265098,0.7971955063736587
RCC,5.875958886639471,20.359560516122023,17.86868671391085
RCD,-41.02928906369006,-68.76656540615632,-386.0164286555763
RCL,2.250042482823721,5.28095343096406,10.369832120595946
RDP,0.14651567446073885,0.6828659664766901,0.11664374341316514
REE,8.346146661075446,14.030549720854935,30.38256927493573
REN,,,
RGC,-1.2419866798900436,-1.8616520960606473,-20.97212366367275
RGG,,,
RIC,-8.664996276233513,-10.238126952818268,-64.95899379840803
ROS,0.008169213788138134,0.014252884813929344,0.047597284589357
RTB,6.346204267592482,9.359463726953782,31.22856192412205
RYG,,,
S12,-6.474461071356331,5.8158117953836825,-2462.050670230268
S27,,,
S4A,8.43983643838038,16.337499726566907,36.83718724669113
S55,3.3923927498978435,9.129598068171523,11.172012657078328
S72,-1.3769328069351934,-3.6787772384043045,-10.674382986488038
S74,-1.6189469026276553,-1.8442756060192478,-inf
S96,,,
S99,6.292729780274696,23.750583171246504,15.69815891910248
SAB,18.034158465713535,23.270241119107343,17.65598080774468
SAC,0.6274100249445357,0.7842773240994869,0.6304396763874602
SAD,,,
SAF,20.89096721430181,30.578845379704717,4.34171064462289
SAL,3.8129578051035473,5.24433574187843,4.641995141255566
SAM,1.7818233110279327,2.9128751142892835,5.2629269602732975
SAP,-6.1225799631746405,-8.848017332334802,-8.090533305743463
SAS,8.27719752714486,9.888874531116727,16.281102769170854
SAV,8.626781256657022,15.680670377564562,5.064909557609918
SB1,1.4843245283926534,2.0115545286083485,1.14397802722638
SBA,7.733449475093101,12.666991431985904,34.16208339343666
SBB,-3.1383427827130195,-5.054672462714376,-5.314869105633558
SBD,,,
SBG,0.1482810429992441,3.678136879557861,0.049621863693214634
SBH,15.066713513159446,16.171977294553667,47.2216818993576
SBL,0.8413601508776007,1.3629107569443986,1.315671873618804
SBM,8.306574674982198,12.337471209631405,27.612403208168075
SBR,3.394446402396434,4.193803263056827,13.060707252469092
SBS,0.20339391407798105,0.5546954132873761,1.273919286129975
SBT,3.1770390110661206,7.8944449655746585,4.357616237375794
SBV,7.591554874104685,12.96630261044287,13.298458209846714
SC5,1.624335739635281,10.080603935694933,1.8539083385066164
SCC,8.891164009118297,13.467272284034054,7.129904046173473
SCD,0.8369180027124415,1.771683567446981,2.1106213972883374
SCG,6.709208187110096,15.141396728050799,6.348803160357612
SCI,6.669307477109065,48.355348444052694,11.89351582786463
SCJ,0.28831687113331655,0.9958311762969432,0.621016370600412
SCL,8.407407731513462,14.160715055939994,8.558875446257408
SCO,-1.2202241695532645,0.19117808814024229,-1.0907049401247346
SCR,1.7023311550864828,3.972065610613882,21.16184449218314
SCS,42.43881850741983,45.72154982600038,67.02842199808411
SCY,1.2558373124403046,1.6811191240988288,3.2679101652310707
SD1,,,
SD2,-4.693134079733234,-14.410311940663787,-7.106472166719039
SD3,0.020303410452107006,0.23348751276036753,0.14694176211708954
SD4,0.014158871118036149,0.09588716211019109,0.020368237462798262
SD5,1.945820134769445,5.975643410373198,1.6802426635762326
SD6,0.11637608948256485,0.34435133716808997,0.2533820046156982
SD7,-0.7229848712982114,-1.212939550944285,-57.1375482332983
SD8,,,
SD9,1.4730671519153666,4.428392782451125,7.103975136601946
SDA,1.288916055257741,2.362971329169562,16.762448128532434
SDB,,,
SDC,1.400886477160689,2.538373219861287,2.5228989333103558
SDD,0.11292862261671742,0.21700106180319004,0.3627017942923274
SDG,9.995976619259366,18.793128538260724,5.040730308426563
SDJ,-5.127983306840798,-69.00905813008134,-13.615512395323762
SDK,8.953186672236397,22.29222918149502,5.851958427527027
SDN,15.944474790196153,27.02129064643132,7.988922095914226
SDP,-6.578937409312418,-94.85686656310381,-180.47433578864963
SDT,0.12084745436892655,0.4078431805793219,0.3737655761829447
SDU,0.010751722767791506,0.03650120833543606,0.14550722959024218
SDV,5.90046161474401,20.844939838520567,5.862341698495468
SDX,,,
SDY,-3.4659196078858714,27.479495665147113,-3.1979137655812293
SEA,8.175481143219912,9.641491758461486,33.52456636938342
SEB,15.767358194195898,24.012315305486457,46.72929942115223
SED,9.571144115453446,15.660567354860778,6.235390989831667
SEP,6.142871322488295,30.019157975995174,3.4815339390825413
SFC,6.7851120798012765,12.641965501960803,2.718802144866992
SFG,0.2867231231678784,0.540875042898929,0.21792036326631659
SFI,11.727605947003248,17.06795677339066,6.842961352353198
SFN,22.72927252871995,24.55257562432839,9.803945451044939
SGB,0.4053245595291576,2.6798596860969335,
SGC,14.691262906503177,26.030653942822607,9.917239017646846
SGD,3.815243918410637,6.11028559730606,2.5256368351667247
SGH,2.4521489334562974,2.6307824931335633,24.973974249581754
SGI,1.5676796128675976,2.8192181530540332,3.4541241022748777
SGN,8.23601855435312,9.729114308687537,11.78244105109333
SGO,,,
SGP,4.755652191393806,10.30669830450554,24.909953955212323
SGR,5.201133820812755,13.648302927971365,132.7918080530283
SGS,13.434338492849493,15.790201725298825,17.143521651738762
SGT,0.5042869250067251,1.4762810315113613,2.7017228642195845
SGV,1.01274960417217,1.7255450873905602,1.0583934591604989
SHA,2.8288194501042265,6.577190688734187,2.6959309296210106
SHB,0.631727869325489,10.846181304714301,
SHC,10.034361054255065,13.46851043068954,9.377085665351476
SHE,11.739443505320237,24.49379282201646,9.225214880336024
SHG,-4.198853601748861,7.87995961109504,-137.2029856524062
SHI,1.986930449488393,6.766824650139033,1.6698662948643552
SHN,1.1062153083886193,2.7659808429085535,1.1735284237972465
SHP,3.474758888344204,5.658001877859356,14.769452707211043
SHS,10.88513633713993,23.379985593457516,41.78957126317743
SHX,-11.062982357464898,-24.9179318776417,-27.31425263544513
SID,2.790749936246144,2.960618459192493,76.47228415856982
SIG,1.1667264970453757,4.361210152638181,3.4060087245363113
SII,-4.519101569855777,-7.617310410004173,-56.270059989122636
SIP,6.693930187146924,40.2427937151174,21.99490577163967
SIV,9.18104066423205,14.152291697965927,14.427585831897611
SJ1,1.3221212307437435,4.395191382691668,1.1403711116677624
SJC,-0.03122332053619342,-0.5177051176857282,-7.195228432718705
SJD,7.591520180817006,11.257278164349877,30.111037686841495
SJE,1.0330243299423667,3.5618044113349803,3.240314148691825
SJF,-2.447955606913793,-3.409178559365342,-7.666846790995222
SJG,0.6860237390866785,2.4926317467738377,2.979099222514331
SJM,-5.185866465729877,-34.96425767013694,-209.12683619022073
SJS,0.5951596032178763,1.9478306403168828,3.692582270511831
SKG,2.566069954745644,2.6065557238864843,7.4615969982643096
SKH,14.585745795724403,20.652786294659826,4.895902022895415
SKN,3.791761639587484,4.515240695752127,2.735854514200037
SKV,12.64795651797937,27.59422048218645,4.70343575142225
SLS,12.35652060159571,23.389751282639576,14.922555109536187
SMA,-8.671648298869105,-22.6883724502647,-51.277280468341914
SMB,19.751160587223463,32.06801695498875,13.15604633317321
SMC,4.703006945682339,19.952189424161215,2.0089071658456645
SMN,9.544861154278442,12.991546509457258,1.9672188431541306
SMT,1.9720892260175669,5.48243570444708,1.0650618825231
SNC,1.1745319717321028,2.4403324560113253,0.37879367661826907
SNZ,6.19626296506678,15.052364145510003,25.52379543438891
SP2,4.5258559991397185,-35.02063882916471,16.78507993658977
SPB,1.2399608465370204,4.6138336289424124,1.0070307080139391
SPC,5.777125061091693,15.580339863702216,3.251009721285099
SPD,-5.26586172066429,-16.397216317255463,-2.6457326055725807
SPH,15.377462495941593,22.020140131786242,21.39698952224717
SPI,-6.926962168175818,-10.215039254014261,-12.901679314936121
SPM,0.782487303845609,1.0774601034879268,1.3521013094290322
SPV,2.494728871747074,6.1413834388777495,2.2494452193189844
SQC,-3.152151066267773,-3.293635787403436,-223.90929521866124
SRA,5.937304275867475,7.482215092893172,13.59278213653761
SRB,-2.1170789540037087,-2.7782564413679443,-2355.5157437641724
SRC,5.231166122418703,17.16851102489602,5.44855063798334
SRF,2.1940608369332626,7.9969902091894145,2.887959321145554
SRT,-15.235945534045847,-86.50253971065784,-17.33710132844738
SSB,0.7549444948086672,9.951919398278527,
SSC,8.308285081574974,11.69914740865651,8.896765972578944
SSF,3.6430899310076397,-0.6187320450072185,2.8030461215702607
SSG,-2.0526614367245877,-8.508270367828924,-2.029697091099453
SSH,2.269183121151277,8.961123944531,15.070581413197331
SSI,3.511178058222292,12.721134773655626,28.76091215075341
SSM,5.845697740866519,9.471373189347782,2.7614002519505148
SSN,0.005326263925521364,0.012810692768162085,0.1431211961024853
SST,38.74622184562387,69.80792484891995,2.7199960670134393
ST8,3.0313524299661205,4.944650545263767,1.413699311527478
STB,0.5445469471207809,9.262186025382714,
STC,8.843763498942353,14.164445479168181,3.5919585133405243
STD,4.178324989393784,6.298808282363274,5.529569140208408
STG,5.034518250093263,7.162498702882026,5.796017420634348
STH,0.2547715830102228,0.27133031130971547,2.426064638984286
STK,8.474908255633077,13.332265223971639,8.175987774636697
STL,,,
STP,4.195568410521134,5.1078900838542785,3.1642561927780957
STS,,,
STT,-12.463243541397475,21.51135633407475,-14.753207156795533
STW,4.437726020619327,7.373110398132907,5.51267004426913
SVC,5.27821066600109,12.901065662775753,1.3981853895489893
SVD,1.0994577331833901,3.2889340661656643,1.4387063012919927
SVG,0.5722604600420448,0.8323534864809828,0.9591673159681338
SVH,4.207139108845842,15.143920895029902,27.563966278522123
SVI,13.43330254211144,25.797828286862828,8.669966502156086
SVN,0.050776331819820136,0.05384122586379528,3.201294650170331
SVT,18.10225426682211,18.228716954554283,35.972564226114756
SWC,10.934316406080043,13.70469992659812,29.88866516648051
SZB,9.447334073542562,19.937582276787516,32.18415367321841
SZC,4.2103191607902675,14.712530037944612,42.95828222172769
SZE,5.928310616575059,9.881504561099655,8.975527342903776
SZG,2.0191912127809077,10.340972329546274,17.652244949426514
SZL,6.172293862259039,18.448328876525288,28.39650695560667
TA3,0.4141097910457004,4.872149136727999,0.8780185149029925
TA6,1.0939602197065466,8.581240240608631,0.7883902736736034
TA9,2.0352482986953966,15.380993653096672,1.587646082130731
TAB,,,
TAL,,,
TAN,0.24780807459875037,0.277173402227827,0.014991736234552386
TAR,6.089758203536637,14.270576449974193,3.0833072485761512
TAW,5.532402276069794,12.42072668057116,3.8521446078840476
TB8,6.938315642984423,16.73303975821836,1.2710913906566061
TBC,13.652716358694484,17.707188893837557,40.952783053476466
TBD,9.826792067730045,23.313860357073914,5.855262002525047
TBH,0.06142098713012033,-0.2428403446137453,3.648739420423113
TBR,2.4746241819354124,3.0482488998719104,18.583640139821366
TBT,,,
TBW,,,
TBX,-7.561390468784521,-10.357247194470771,-10.063222208658656
TC6,0.4222403122520159,2.158135100419756,0.2308768933841217
TCB,2.8622345429164824,16.863235391441048,
TCD,2.351927035518683,22.186154111424912,5.144271626733644
TCH,9.134507286621535,12.090366870929428,21.986983622836124
TCI,4.5625085242389956,8.003168810508729,24.12546369615104
TCJ,-23.682964264212252,611.5943477925769,-18.213963018515937
TCK,-1.1101734070508442,18.3339058794869,-2.846295965575784
TCL,10.5878366215491,15.764820462635873,9.219986945972208
TCM,9.280533439945993,16.85616706002837,7.96110790896716
TCO,8.104735117106705,8.921155462605878,10.490628427848431
TCP,,,
TCR,-3.344527304880455,-6.6907679377481895,-3.33928887661011
TCT,0.2038751065116174,0.2200544872160324,1.5329685210395319
TCW,11.966504802003271,21.87189502723475,10.154489395240455
TDB,28.065366669869533,29.511050277100253,52.7796268673318
TDC,3.5627205568351394,15.715417368439107,12.665844115638174
TDF,6.162308193087708,10.714505985594696,12.596771910126975
TDG,0.12713512133111754,0.28426446633644364,0.07033714162279515
TDH,0.40888351672286233,0.8790063490853471,1.1498791223353901
TDM,7.267386948472312,10.448055254136063,44.84876226300555
TDN,3.2433679792790366,11.35072621559949,1.4882431060977916
TDP,3.972803364071955,11.52444338099947,5.285170885988381
TDS,5.510284260556258,8.098610120306097,0.9998736748523409
TDT,3.980694247787665,9.245233823892264,5.801896202592563
TDW,7.849103492624051,21.071229734491975,3.5207225543629637
TED,4.980207581137213,17.40541675490504,5.132445277322739
TEG,1.466612345674676,1.8473699290375942,3.8591906058137573
TEL,-26.84879252086291,-67.4406790048034,-49.228383792968394
TET,7.947652433839586,8.453427968623743,37.32751011203988
TFC,3.4352174797659605,8.88384062180773,3.008298989572231
TGG,-16.891069898835966,-18.011414197566538,-425.5054451372449
TGP,0.1752014089021651,0.538640707139514,0.49419202514360855
TH1,-5.932256408492851,22.312033270763457,-39.05788560823986
THB,1.0171743059768243,2.0902053477205014,0.2187736164069364
THD,10.463591902201937,46.63133178025435,60.06167529756765
THG,11.679508404258579,34.31220990627104,9.494969264047889
THM,,,
THN,5.400266495217234,10.508188524024394,10.878664552867717
THO,,,
THP,3.9371088960593834,13.803856809844445,2.0361795990412044
THS,4.14312617502852,8.248439623170515,1.2112314218473137
THT,2.0450819090915786,10.194154516968277,1.266772420869046
THU,1.4417257061373374,7.5739633475615005,1.1423768347597638
THW,5.202141566813349,10.766427158751497,4.003000019343401
TID,0.5534372957488587,2.3232241503288447,0.9942844118398835
TIE,2.2038395806349764,2.58970207411025,8.769379478271846
TIG,4.713347825716903,6.710173938103062,18.56392448440803
TIN,0.6350162005141164,4.322225141250247,
TIP,13.544351686232872,22.63197770488946,53.014893030461415
TIS,0.1953575063993154,0.9597698193636605,0.19107586102703122
TIX,8.180850995229617,12.04143049654863,48.952731310021306
TJC,2.018392018695063,2.265888832752589,2.1093881464353337
TKA,11.736390603509083,20.46073158379161,7.0940775360832555
TKC,0.32161709609612876,2.087224823133946,0.5485775496210712
TKD,,,
TKG,3.4074905624301564,5.711274134452144,2.4201608829518153
TKU,6.7259819837844015,12.69144891848849,7.853398171816585
TL4,0.4271010915233495,1.4031756639095132,0.9786835926440317
TLD,3.122752253274287,4.435947343945731,5.196449902597997
TLG,10.362271048213419,13.719074202157847,8.934266916271852
TLH,2.8467379828110277,5.3360504041390575,1.93358991709539
TLI,-2.944334362772208,-4.541290191121369,-1.9889948955619587
TLL,,,
TLP,0.4294284237661636,1.2977096126657472,0.30304794613465647
TLT,2.8025876388610023,11.121613930773334,1.6853831644868165
TMB,1.9608031029108766,20.058832107520583,0.45847996356594684
TMC,2.4141027606939773,3.9303964203828876,0.5451405672438991
TMG,13.612143983429739,24.333147470186624,7.57784557440637
TMP,9.039685899536416,11.723705921413119,41.338411690456354
TMS,8.20569537415918,13.706704743116086,9.40892825565009
TMT,0.10601391466253085,0.4335435154671193,0.10360089700097745
TMW,-7.421547071245365,-9.349122015947403,-8.512223743674834
TMX,5.696467149299782,8.694582517190511,1.447269458586074
TN1,6.682763310213587,18.29744879972473,19.573925282657342
TNA,2.014504018041915,7.58292545024015,0.8199254586663497
TNB,5.60019724532122,10.141728047373762,1.0787546420084209
TNC,14.295913934211073,15.926588206095094,102.2570446104672
TNG,4.320822150923098,13.380310776731013,3.428491894773137
TNH,9.417475053683871,17.093144614760252,32.46947621305552
TNI,0.010407523077371863,0.01916109325863454,0.007751508205693826
TNM,,,
TNP,8.6015227932466,11.015375144920359,18.098498016154867
TNS,2.439764347483595,250.93478185561415,1.1071857003507832
TNT,-0.7558832519209272,-0.9945018115559827,-20.71477022770894
TNV,,,
TNW,1.0606441722642175,3.0171383193289056,3.7430889031016408
TOP,-51.65129726000749,-53.60904661508924,-1697.1534009077757
TOS,8.749104315474348,18.789813441706013,12.073835482305066
TOT,10.955669413143982,13.640942546000815,9.463300433297668
TOW,11.502249645867725,15.105574646786735,27.03146095337443
TPB,1.7013769757848543,20.963363388758438,
TPC,3.106271397103927,6.4171548572970405,2.5095359359105682
TPH,3.4667988590059595,6.440623362725718,6.002972618848694
TPP,0.9834915967172106,3.905548090837621,0.9320989641447767
TPS,15.923477817598746,21.95672150725914,38.70039242271122
TQN,4.678654602763071,14.313020299500497,2.2135429866974774
TQW,2.1230725721576995,3.191420937797504,4.5664649602288225
TR1,1.2701623925489747,2.737610048216138,0.3370526730696526
TRA,13.129647321897384,18.486734147599616,11.354758396023904
TRC,4.6535959970390675,5.90938999914725,25.525307866671156
TRS,4.0668929960676286,9.286677816664435,2.7655199531904056
TRT,1.9507653012613213,8.631335408025905,1.872424304783302
TS3,0.6136980096653771,4.125132183643549,1.0237020681823523
TS4,-14.908560955563772,-128.94004020092436,-42.48112554385585
TSA,,,
TSB,4.607102047459862,5.730968734260093,2.7384708877750916
TSC,0.8428094440251246,0.9148341688993021,3.6484096688413112
TSD,-20.937390728209458,-243.1605992312922,-24.81816769632492
TSG,6.436543177543717,15.462588799661086,5.216426944393258
TSJ,10.675877412884937,10.990582891037755,138.2056473870629
TST,0.07094336314313988,0.18739605042159135,0.21350273753548443
TT6,,,
TTA,2.7340826715832796,7.814103727122139,26.04467108122217
TTB,0.8287729660856065,2.114125190584022,2.3057838954734162
TTC,7.523718028124844,12.337795358523373,5.0627446508810845
TTD,17.507586481905417,21.62897566980439,9.337251317754975
TTE,-3.460677220022099,-12.090609972172857,-28.96838240989007
TTF,0.8083111204405545,-3.096978326455762,1.4925904266521766
TTG,-79.23179469574347,-119.17936319924331,-45.20098346098431
TTH,-2.550750553230689,-3.222220798216967,-9.141191114973928
TTL,0.8066491681041441,2.291529534564178,1.7161816118715103
TTN,9.907768754534088,15.01375299694282,15.28025340059251
TTP,9.571227075082431,14.38782896959004,8.151486058182194
TTS,2.030139425344652,10.193188297430101,0.6614955675104023
TTT,0.5692161818161944,0.6354230733212656,3.027628910101279
TTZ,-7.428427370591534,-8.658197871574497,-1931.1644655778102
TUG,14.614158557405107,19.720346710283565,9.29286104900032
TV1,0.07387310578201361,0.4225754142248625,0.18733416196289554
TV2,7.8596392974799585,22.462669701391356,7.835263827454236
TV3,6.152754621288083,16.964121305090906,4.860016788740486
TV4,8.245239326775952,14.910956354796442,11.026254086746798
TV6,4.009279466748315,5.0609292674284125,1.9554691920166445
TVA,8.273882243722007,12.448925140429267,5.585260000749089
TVB,7.523084040825672,11.994977361673588,46.404296439041694
TVC,4.569730617633614,13.087044864730139,68.04094232971232
TVD,2.4643838207556916,12.758704166852905,1.4643782848117985
TVG,1.2094905987591507,4.462656178965265,2.13481411454203
TVH,6.678417041236597,27.15191462832075,22.992647310325516
TVM,0.46205245640568093,2.5118078416909078,0.5043783336061187
TVN,2.450612166980262,5.423085708020618,1.7434321422746886
TVS,5.948988445693911,17.78579147365889,36.62250177832555
TVT,4.6795019567363285,12.745263980808078,4.066789030467512
TW3,1.1344782126142505,7.432544578419121,0.6508899408176282
TXM,0.26572502131907705,0.3123383728309145,0.21851323526776756
TYA,8.014435204415014,14.966366216585264,4.314286261331573
UCT,0.22896804334673676,0.254144435092792,0.21350088128280612
UDC,-0.7879193505490575,-2.182263543260479,-2.021348585721693
UDJ,4.785561012004043,11.384181344402485,23.389699304094954
UDL,0.8803422775519456,0.9575255020872824,6.088986673491161
UEM,4.9003534988243285,13.047701896377466,2.089765428771568
UIC,11.706910698707741,20.69608395852433,2.284086627622724
UMC,3.6584171966713686,4.407403083894632,2.272320410292002
UNI,0.32922203671871625,0.37202219793351,15.849148823171234
UPC,7.390877470626076,21.519451763305288,5.391804313387125
UPH,-1.7484747963056515,-4.418221646951117,-3.9773495462326314
USC,0.9850948910296269,4.10176561008841,1.0671093086219434
USD,6.59142848587946,20.479418665267815,9.356890801227829
UTT,,,
UXC,,,
V11,-5.747289684308676,67.70333413394381,588.7468702531775
V12,1.4297049305954528,10.988908088123111,1.3447929124330582
V15,,,
V21,0.26285285042719936,0.9814965671316332,0.7068088441502555
V45,,,
VAB,0.38370333687040875,5.800492646226837,
VAF,3.671900801727715,4.718472333881326,2.8926494851337696
VAV,9.56786124544601,19.453280211326984,11.385598876643138
VBB,0.3273533065787616,5.675619345364975,
VBC,6.5366923826281385,20.728441615712185,3.02398476864837
VBG,2.1559277832589014,4.890129961288469,1.994930685267226
VBH,5.36536451900972,6.190198005909481,2.5005679090855937
VC1,1.1143851146422052,4.036249261157791,2.480432737349827
VC2,0.9827324307473341,5.274211421043825,1.3861888129455855
VC3,1.0452627977991877,1.9129477113422007,11.398785775034376
VC5,-8.650467912839433,10.796794833123572,-279.76385186112805
VC6,0.7103070221441344,4.515203435681438,0.5696772345373043
VC7,1.8137323734683006,3.216823536547458,7.132471582132169
VC9,-1.663409739970629,-13.6261360877728,-2.7948389953273916
VCA,6.7307940102736055,9.510448182918427,0.9755601159000682
VCB,1.3928592113411342,19.63177865207877,
VCC,0.7175089769181098,4.185391130129292,0.7605302552046793
VCE,0.05003955766845296,0.06330304302286234,0.0652996972543919
VCF,33.81420053843939,48.10641134167378,24.845619761663666
VCG,8.619670257886353,23.59719884898625,30.448258818344303
VCI,9.172931609895665,17.00574105592239,44.456292087469684
VCM,8.034121235360448,11.18189600289255,30.091791477752768
VCP,1.6777608575673304,4.80323947094191,12.356630146221592
VCR,-0.42129793083281986,-0.9125892039158948,-inf
VCS,23.58944498485326,37.02659448170986,25.238906409282603
VCT,-1.8183631842633035,11.224420691691721,-6.405066318846064
VCW,10.708043882962533,16.700981956954045,36.5113478271003
VCX,3.1562832995534,11.675996383755471,2.1638468875305032
VDB,2.2105017504116367,26.895531342845757,0.6468987917862498
VDG,,,
VDL,5.2060378689014755,5.6168365275160035,3.902718557903965
VDN,-0.13601379620570092,-0.6362420098914437,-0.10103137470913953
VDP,5.601868019708914,9.223297191722695,7.309952716563761
VDS,5.844295218662493,12.878605643512966,33.03374012572985
VDT,11.520197603973584,14.74025350101171,3.7347016572171707
VE1,-16.124657702919222,-16.948531404291902,-81.93450379666164
VE2,2.9506115688402597,5.820451532970906,3.501570707638535
VE3,1.2936425564528387,3.810882516858838,1.6644617027377375
VE4,0.44890865630315246,1.8203360474629036,0.6586968769573371
VE8,7.649488537639063,29.462613596536297,6.107830603276055
VE9,-36.286107992548985,-47.54075868705145,-168.0749035400082
VEA,20.54892340336049,22.127536101882992,152.55871873758227
VEC,0.9100179725341138,1.3041682378176491,1.189111628278202
VEF,2.014641322857565,6.982716247555186,1507.5117590572427
VES,0.7351921637595387,1.0620020032831736,14.026329045754881
VET,7.888760421597412,22.006310009505608,11.881255847974979
VFC,1.0730298473412694,1.804882068581527,0.909080134491992
VFG,8.880217361388484,16.88078580727211,8.67252500410623
VFR,-7.012487765338989,-13.349861046334071,-13.358943915514033
VFS,6.321493386877708,7.826288016130707,49.219297999850795
VGC,3.1294954216229227,9.500268811972848,7.074168910405508
VGG,3.186700044967701,7.89002735621786,2.119491778680905
VGI,0.726595626573376,1.4354051583806386,2.260913337563587
VGL,13.949179363222964,17.733982834256658,6.508061107710648
VGP,0.4276932851292273,8.786934494691083,0.16981479296838825
VGR,13.568450507021465,14.468504575103228,20.450018565875403
VGS,6.038258885892102,13.597901323780127,1.5436675407665206
VGT,3.1107172902923184,6.947178157558809,4.030066242516565
VGV,2.901306695098924,7.033569307685078,4.097596896628232
VHC,9.98767734606402,13.897529957396385,10.221406952471956
VHD,0.6170443188067422,0.7456192139612522,6.450717220850832
VHE,0.3552690113132455,0.5043430731184614,0.6790657072114552
VHF,2.331357762736315,2.7100223134154104,1.2139158256363856
VHG,-27.027759923469375,-32.329695205609596,-inf
VHH,-4.391453738671012,-8.10349399227607,-5.150326112668294
VHL,6.731695284070377,12.458964597094834,4.422040687021351
VHM,13.099435560558378,31.646546504616325,39.423936272593394
VIB,1.8973418432597204,25.828318908830365,
VIC,1.0758656738793053,3.3459566855178418,4.114011804123545
VID,4.199835865474413,7.689399035186943,3.6572460999973457
VIE,0.20782648881445548,0.4502624477911028,0.2303291863994339
VIF,5.472960183897774,6.151895113990551,16.26550034480489
VIG,-1.6448162907849138,-1.8312778119539495,-55.23080106794145
VIH,3.05950622768426,15.477648684427498,2.237973726557236
VIM,10.811971108302105,19.13754878867684,4.662515532581588
VIN,11.140009057864141,12.290803955357788,29.100177627154324
VIP,3.9984395063101976,5.804748471317682,12.39273358482202
VIR,-0.176005137248364,-0.2097924168500665,-0.5410152104303819
VIT,6.183052080267242,19.254888779756676,4.600576988049063
VIW,0.04732703431384986,0.14890219296732973,0.11619979290595217
VIX,15.529303303848874,18.77655858272644,45.71260895570297
VJC,0.15192511240699147,0.4584290697705637,0.3768618625073866
VKC,0.16244472247653602,0.4147820498728816,0.09686490161881951
VKP,,,
VLA,0.10999753011769428,0.11170202600320474,0.22376998260594197
VLB,20.026861829008986,25.583379889649784,16.37946872863705
VLC,16.602751575744946,19.993895805556107,10.888210001885309
VLF,,,
VLG,1.6018721146615276,2.565554393595163,1.5567275306476454
VLP,15.754200146702143,20.476958350423047,13.616385402717802
VLW,12.632921058250638,16.470773877442248,36.85344558975194
VMA,2.6844717586640985,7.332757523621276,1.2711660223537047
VMC,0.318506851859104,0.9585371361196507,0.5299660029198094
VMD,0.4496793625757561,10.267057514700486,0.20586829947557625
VMG,0.13249900654849162,0.47033384922124494,0.05857975289872351
VMK,,,
VMS,4.2683134777705485,7.276284769747271,4.931644810682067
VMT,,,
VNA,0.25653493527862525,2.1516492795605697,0.27016698772951936
VNB,4.192401748529294,4.251738010907029,103.5821541026269
VNC,10.249643886474951,15.093338370710944,6.247099128746119
VND,4.625821182478449,18.138845784378294,32.45526007222906
VNE,0.6902543151456557,1.4534804414251277,1.11157992825033
VNF,0.9331544962467125,2.4093162606527856,0.34662920558792815
VNG,0.9566698287206604,1.801260913127662,4.497088574038447
VNH,5.354183047795499,12.448679836507612,26.002833147900713
VNI,,,
VNL,5.760213219955259,10.496738986698766,1.9290381408584707
VNM,23.198754385180077,33.39284755879237,18.840429116647165
VNP,6.096679215988137,14.089506984463013,14.574180523418216
VNR,4.459337547738197,9.89010512389497,19.708064704687043
VNS,-10.230527539354064,-14.190076297907444,-20.932196458682846
VNT,-1.4980144396416337,-5.1473551134327975,-0.7756737238124172
VNX,2.78024562692517,5.724678381251253,4.099169841212409
VNY,-0.7359463846684517,0.9104172533630344,-0.7120945073231449
VNZ,2.4562537721381665,3.1786149859814774,3.209628846779558
VOC,8.950725387832048,10.788725202389065,9.053293956790666
VOS,-6.697460707795287,-36.82576726549217,-14.660805875286695
VPA,0.1490151329248729,0.7765440926210393,0.4412673339970943
VPB,2.4852269078420424,19.725457879267037,
VPC,-8.71483860597549,70.09872735646346,-19.227175361161013
VPD,3.7219726382836575,6.342253875795258,17.66900106089266
VPG,5.695510094432697,17.051144191368586,3.7891393389689707
VPH,0.652891298694485,1.3133647578196121,5.080315851549525
VPI,3.161773716544658,10.371213708009709,14.171082509416639
VPL,,,
VPR,4.775608096555618,8.89883480079283,8.77093257810865
VPS,2.7093207458563704,4.062457591565907,2.701468011592663
VPW,0.5518213987768329,4.284931377744963,3.100027153356132
VQC,9.176554043951972,12.517854042915358,7.168472960513637
VRC,0.026070540943311033,0.034813883613989474,4.647024272823107
VRE,5.983230742523589,8.120820637816927,28.602862940900607
VRG,1.6917317158576441,3.9991814368090397,50.77783760313637
VSA,5.956676965976951,9.797353796982597,3.647663110772114
VSC,12.05805608756152,13.654797272610173,17.550510539197397
VSE,3.656027578641715,5.060492377734327,6.850620119015943
VSF,-3.532733669963864,-8.32578719493611,-1.4435435635140854
VSG,-12.474905821593097,9.195374404462877,-14.750816473483841
VSH,1.9459894503486352,5.654133054434155,55.280999361890004
VSI,2.910605417678128,9.312084704422368,6.608519199700136
VSM,8.986483774501536,16.744947527326268,4.967145216929158
VSN,7.70664049651353,14.671579356783926,3.210820488300904
VST,-43.017751028687215,17.829651490740176,-73.5667090260562
VTA,2.7570225523139156,7.581687061533218,2.271299298315271
VTB,8.780812341724722,12.74966328237867,5.853846930680496
VTC,2.984887741133696,11.622257835947233,2.657620191606423
VTD,3.69055023765322,4.95887766513993,3.1304352634805848
VTE,1.9765429200771627,4.284558029994584,1.1309084456137222
VTG,-7.848629151708712,-10.309091489730642,-22.913211808225373
VTH,0.057321840260240675,0.11289661970952469,0.03952489846788169
VTI,0.14865642620391145,-0.007209408105684555,0.07114485064810822
VTJ,-24.73062692855967,-26.7263589168239,-488.9006446915191
VTK,10.887370865469475,16.016105939310666,15.291591871669139
VTL,-11.011373324660202,-63.950276314680195,-27.612982347254817
VTM,2.6518007484439576,10.335025911295315,1.5658859439108292
VTO,3.917136164021567,6.35598936240058,6.002068475099736
VTP,8.777968076893378,31.71504257690605,2.2240969780344892
VTQ,2.194934907411257,3.17500406665044,15.143291736921642
VTR,-5.325000828415504,-58.768454627688236,-6.520233487933666
VTS,-7.98442392724689,-9.986724459266075,-21.009846606515765
VTV,0.2150457784668109,0.5038572359169899,0.13482735968471954
VTX,1.3773727594878569,1.8132435052757356,2.2010082542892553
VTZ,2.6668515847552903,11.448272567751633,2.497732031703354
VUA,6.509595731583789,6.7118173642696215,39.000409579409
VUG,,,
VVN,-3.122679829827436,24.179116892232678,-3.8113530788905026
VVS,0.8637381573866885,9.134147734181466,0.7017055596660936
VW1,,,
VW3,0.7340234626890689,3.0879891019652392,1.0152800146696903
VWS,,,
VXB,-12.871136224827733,-61.444109317621574,-18.61712298282097
VXP,6.857182170336677,13.731792076402726,3.8567270848912587
VXT,13.096448538980768,28.503585411526533,6.936820296527774
WCS,28.735708926755375,33.859899552291175,50.575289283722704
WSB,13.656378463965693,17.00170663287087,13.975823432151731
WSS,1.9723088219452074,1.9859196125100227,30.48042413350625
WTB,,,
WTC,9.743434573906793,47.03445900260822,1.3413427740756112
X20,3.087386489579662,6.5967479908762545,2.1055402907815184
X26,4.688413502864514,13.645108138899595,2.934542114650273
X77,-27.807382085641997,4.744062643083344,-363.5300296684866
XD4,,,
XDC,,,
XDH,13.525757191531799,37.767341251302774,20.801329012200164
XHC,8.291684974000313,16.263438770387413,7.137420321407563
XLV,1.7504390355480681,5.3733865166291,1.2353457587648664
XMC,2.520259992356359,14.593055814676061,5.913589802508783
XMD,-5.613823069598416,-11.249815907728337,-8.006747067932436
XMP,1.7658111254268516,5.238726426278578,12.619658372621224
XPH,0.021105758169503518,0.021676683766431733,0.08609062599679154
YBC,0.20905707668795967,1.5146554982807192,0.21473135029548956
YBM,3.1677589718944197,7.731756743522998,3.1207358908872393
YEG,-12.996602663148218,-20.44717979236771,-14.770732438057173
YTC,-1.2066960065209071,-89.25629533012841,-2.1206936532829497
